BEGIN;

INSERT INTO provinces (code,"name",name_en,full_name,full_name_en,code_name) VALUES
	 ('01','Hà Nội','Ha Noi','Thành phố Hà Nội','Ha Noi City','ha_noi'),
	 ('79','Hồ Chí Minh','Ho Chi Minh','Thành phố Hồ Chí Minh','Ho Chi Minh City','ho_chi_minh');
	 
INSERT INTO districts (code,"name",name_en,full_name,full_name_en,code_name,province_code) VALUES
  ('001','Ba Đình','Ba Dinh','Quận Ba Đình','Ba Dinh District','ba_dinh','01'),
	 ('002','Hoàn Kiếm','Hoan Kiem','Quận Hoàn Kiếm','Hoan Kiem District','hoan_kiem','01'),
	 ('003','Tây Hồ','Tay Ho','Quận Tây Hồ','Tay Ho District','tay_ho','01'),
	 ('004','Long Biên','Long Bien','Quận Long Biên','Long Bien District','long_bien','01'),
	 ('005','Cầu Giấy','Cau Giay','Quận Cầu Giấy','Cau Giay District','cau_giay','01'),
	 ('006','Đống Đa','Dong Da','Quận Đống Đa','Dong Da District','dong_da','01'),
	 ('007','Hai Bà Trưng','Hai Ba Trung','Quận Hai Bà Trưng','Hai Ba Trung District','hai_ba_trung','01'),
	 ('008','Hoàng Mai','Hoang Mai','Quận Hoàng Mai','Hoang Mai District','hoang_mai','01'),
	 ('009','Thanh Xuân','Thanh Xuan','Quận Thanh Xuân','Thanh Xuan District','thanh_xuan','01'),
	 ('016','Sóc Sơn','Soc Son','Huyện Sóc Sơn','Soc Son District','soc_son','01'),
	 ('017','Đông Anh','Dong Anh','Huyện Đông Anh','Dong Anh District','dong_anh','01'),
	 ('018','Gia Lâm','Gia Lam','Huyện Gia Lâm','Gia Lam District','gia_lam','01'),
	 ('019','Nam Từ Liêm','Nam Tu Liem','Quận Nam Từ Liêm','Nam Tu Liem District','nam_tu_liem','01'),
	 ('020','Thanh Trì','Thanh Tri','Huyện Thanh Trì','Thanh Tri District','thanh_tri','01'),
	 ('021','Bắc Từ Liêm','Bac Tu Liem','Quận Bắc Từ Liêm','Bac Tu Liem District','bac_tu_liem','01'),
	 ('250','Mê Linh','Me Linh','Huyện Mê Linh','Me Linh District','me_linh','01'),
	 ('268','Hà Đông','Ha Dong','Quận Hà Đông','Ha Dong District','ha_dong','01'),
	 ('269','Sơn Tây','Son Tay','Thị xã Sơn Tây','Son Tay Town','son_tay','01'),
	 ('271','Ba Vì','Ba Vi','Huyện Ba Vì','Ba Vi District','ba_vi','01'),
	 ('272','Phúc Thọ','Phuc Tho','Huyện Phúc Thọ','Phuc Tho District','phuc_tho','01'),
	 ('273','Đan Phượng','Dan Phuong','Huyện Đan Phượng','Dan Phuong District','dan_phuong','01'),
	 ('274','Hoài Đức','Hoai Duc','Huyện Hoài Đức','Hoai Duc District','hoai_duc','01'),
	 ('275','Quốc Oai','Quoc Oai','Huyện Quốc Oai','Quoc Oai District','quoc_oai','01'),
	 ('276','Thạch Thất','Thach That','Huyện Thạch Thất','Thach That District','thach_that','01'),
	 ('277','Chương Mỹ','Chuong My','Huyện Chương Mỹ','Chuong My District','chuong_my','01'),
	 ('278','Thanh Oai','Thanh Oai','Huyện Thanh Oai','Thanh Oai District','thanh_oai','01'),
	 ('279','Thường Tín','Thuong Tin','Huyện Thường Tín','Thuong Tin District','thuong_tin','01'),
	 ('280','Phú Xuyên','Phu Xuyen','Huyện Phú Xuyên','Phu Xuyen District','phu_xuyen','01'),
	 ('281','Ứng Hòa','Ung Hoa','Huyện Ứng Hòa','Ung Hoa District','ung_hoa','01'),
	 ('282','Mỹ Đức','My Duc','Huyện Mỹ Đức','My Duc District','my_duc','01'),
	 ('760','1','1','Quận 1','District 1','1','79'),
	 ('761','12','12','Quận 12','District 12','12','79'),
	 ('770','3','3','Quận 3','District 3','3','79'),
	 ('771','10','10','Quận 10','District 10','10','79'),
	 ('772','11','11','Quận 11','District 11','11','79'),
	 ('773','4','4','Quận 4','District 4','4','79'),
	 ('774','5','5','Quận 5','District 5','5','79'),
	 ('775','6','6','Quận 6','District 6','6','79'),
	 ('776','8','8','Quận 8','District 8','8','79'),
	 ('778','7','7','Quận 7','District 7','7','79'),
	 ('764','Gò Vấp','Go Vap','Quận Gò Vấp','Go Vap District','go_vap','79'),
	 ('765','Bình Thạnh','Binh Thanh','Quận Bình Thạnh','Binh Thanh District','binh_thanh','79'),
	 ('766','Tân Bình','Tan Binh','Quận Tân Bình','Tan Binh District','tan_binh','79'),
	 ('767','Tân Phú','Tan Phu','Quận Tân Phú','Tan Phu District','tan_phu','79'),
	 ('768','Phú Nhuận','Phu Nhuan','Quận Phú Nhuận','Phu Nhuan District','phu_nhuan','79'),
	 ('777','Bình Tân','Binh Tan','Quận Bình Tân','Binh Tan District','binh_tan','79'),
	 ('783','Củ Chi','Cu Chi','Huyện Củ Chi','Cu Chi District','cu_chi','79'),
	 ('784','Hóc Môn','Hoc Mon','Huyện Hóc Môn','Hoc Mon District','hoc_mon','79'),
	 ('785','Bình Chánh','Binh Chanh','Huyện Bình Chánh','Binh Chanh District','binh_chanh','79'),
	 ('786','Nhà Bè','Nha Be','Huyện Nhà Bè','Nha Be District','nha_be','79'),
	 ('787','Cần Giờ','Can Gio','Huyện Cần Giờ','Can Gio District','can_gio','79'),
	 ('769','Thủ Đức','Thu Duc','Thành phố Thủ Đức','Thu Duc City','thu_duc','79');

INSERT INTO wards (code,"name",name_en,full_name,full_name_en,code_name,district_code) VALUES
	('00001','Phúc Xá','Phuc Xa','Phường Phúc Xá','Phuc Xa Ward','phuc_xa','001'),
	 ('00004','Trúc Bạch','Truc Bach','Phường Trúc Bạch','Truc Bach Ward','truc_bach','001'),
	 ('00006','Vĩnh Phúc','Vinh Phuc','Phường Vĩnh Phúc','Vinh Phuc Ward','vinh_phuc','001'),
	 ('00007','Cống Vị','Cong Vi','Phường Cống Vị','Cong Vi Ward','cong_vi','001'),
	 ('00008','Liễu Giai','Lieu Giai','Phường Liễu Giai','Lieu Giai Ward','lieu_giai','001'),
	 ('00010','Nguyễn Trung Trực','Nguyen Trung Truc','Phường Nguyễn Trung Trực','Nguyen Trung Truc Ward','nguyen_trung_truc','001'),
	 ('00013','Quán Thánh','Quan Thanh','Phường Quán Thánh','Quan Thanh Ward','quan_thanh','001'),
	 ('00016','Ngọc Hà','Ngoc Ha','Phường Ngọc Hà','Ngoc Ha Ward','ngoc_ha','001'),
	 ('00019','Điện Biên','Dien Bien','Phường Điện Biên','Dien Bien Ward','dien_bien','001'),
	 ('00022','Đội Cấn','Doi Can','Phường Đội Cấn','Doi Can Ward','doi_can','001'),
	 ('00025','Ngọc Khánh','Ngoc Khanh','Phường Ngọc Khánh','Ngoc Khanh Ward','ngoc_khanh','001'),
	 ('00028','Kim Mã','Kim Ma','Phường Kim Mã','Kim Ma Ward','kim_ma','001'),
	 ('00031','Giảng Võ','Giang Vo','Phường Giảng Võ','Giang Vo Ward','giang_vo','001'),
	 ('00034','Thành Công','Thanh Cong','Phường Thành Công','Thanh Cong Ward','thanh_cong','001'),
	 ('00037','Phúc Tân','Phuc Tan','Phường Phúc Tân','Phuc Tan Ward','phuc_tan','002'),
	 ('00040','Đồng Xuân','Dong Xuan','Phường Đồng Xuân','Dong Xuan Ward','dong_xuan','002'),
	 ('00043','Hàng Mã','Hang Ma','Phường Hàng Mã','Hang Ma Ward','hang_ma','002'),
	 ('00046','Hàng Buồm','Hang Buom','Phường Hàng Buồm','Hang Buom Ward','hang_buom','002'),
	 ('00049','Hàng Đào','Hang Dao','Phường Hàng Đào','Hang Dao Ward','hang_dao','002'),
	 ('00052','Hàng Bồ','Hang Bo','Phường Hàng Bồ','Hang Bo Ward','hang_bo','002'),
	 ('00055','Cửa Đông','Cua Dong','Phường Cửa Đông','Cua Dong Ward','cua_dong','002'),
	 ('00058','Lý Thái Tổ','Ly Thai To','Phường Lý Thái Tổ','Ly Thai To Ward','ly_thai_to','002'),
	 ('00061','Hàng Bạc','Hang Bac','Phường Hàng Bạc','Hang Bac Ward','hang_bac','002'),
	 ('00064','Hàng Gai','Hang Gai','Phường Hàng Gai','Hang Gai Ward','hang_gai','002'),
	 ('00067','Chương Dương','Chuong Duong','Phường Chương Dương','Chuong Duong Ward','chuong_duong','002'),
	 ('00070','Hàng Trống','Hang Trong','Phường Hàng Trống','Hang Trong Ward','hang_trong','002'),
	 ('00073','Cửa Nam','Cua Nam','Phường Cửa Nam','Cua Nam Ward','cua_nam','002'),
	 ('00076','Hàng Bông','Hang Bong','Phường Hàng Bông','Hang Bong Ward','hang_bong','002'),
	 ('00079','Tràng Tiền','Trang Tien','Phường Tràng Tiền','Trang Tien Ward','trang_tien','002'),
	 ('00082','Trần Hưng Đạo','Tran Hung Dao','Phường Trần Hưng Đạo','Tran Hung Dao Ward','tran_hung_dao','002'),
	 ('00085','Phan Chu Trinh','Phan Chu Trinh','Phường Phan Chu Trinh','Phan Chu Trinh Ward','phan_chu_trinh','002'),
	 ('00088','Hàng Bài','Hang Bai','Phường Hàng Bài','Hang Bai Ward','hang_bai','002'),
	 ('00091','Phú Thượng','Phu Thuong','Phường Phú Thượng','Phu Thuong Ward','phu_thuong','003'),
	 ('00094','Nhật Tân','Nhat Tan','Phường Nhật Tân','Nhat Tan Ward','nhat_tan','003'),
	 ('00097','Tứ Liên','Tu Lien','Phường Tứ Liên','Tu Lien Ward','tu_lien','003'),
	 ('00100','Quảng An','Quang An','Phường Quảng An','Quang An Ward','quang_an','003'),
	 ('00103','Xuân La','Xuan La','Phường Xuân La','Xuan La Ward','xuan_la','003'),
	 ('00106','Yên Phụ','Yen Phu','Phường Yên Phụ','Yen Phu Ward','yen_phu','003'),
	 ('00109','Bưởi','Buoi','Phường Bưởi','Buoi Ward','buoi','003'),
	 ('00112','Thụy Khuê','Thuy Khue','Phường Thụy Khuê','Thuy Khue Ward','thuy_khue','003'),
	 ('00115','Thượng Thanh','Thuong Thanh','Phường Thượng Thanh','Thuong Thanh Ward','thuong_thanh','004'),
	 ('00118','Ngọc Thụy','Ngoc Thuy','Phường Ngọc Thụy','Ngoc Thuy Ward','ngoc_thuy','004'),
	 ('00121','Giang Biên','Giang Bien','Phường Giang Biên','Giang Bien Ward','giang_bien','004'),
	 ('00124','Đức Giang','Duc Giang','Phường Đức Giang','Duc Giang Ward','duc_giang','004'),
	 ('00127','Việt Hưng','Viet Hung','Phường Việt Hưng','Viet Hung Ward','viet_hung','004'),
	 ('00130','Gia Thụy','Gia Thuy','Phường Gia Thụy','Gia Thuy Ward','gia_thuy','004'),
	 ('00133','Ngọc Lâm','Ngoc Lam','Phường Ngọc Lâm','Ngoc Lam Ward','ngoc_lam','004'),
	 ('00136','Phúc Lợi','Phuc Loi','Phường Phúc Lợi','Phuc Loi Ward','phuc_loi','004'),
	 ('00139','Bồ Đề','Bo De','Phường Bồ Đề','Bo De Ward','bo_de','004'),
	 ('00142','Sài Đồng','Sai Dong','Phường Sài Đồng','Sai Dong Ward','sai_dong','004'),
	 ('00145','Long Biên','Long Bien','Phường Long Biên','Long Bien Ward','long_bien','004'),
	 ('00148','Thạch Bàn','Thach Ban','Phường Thạch Bàn','Thach Ban Ward','thach_ban','004'),
	 ('00151','Phúc Đồng','Phuc Dong','Phường Phúc Đồng','Phuc Dong Ward','phuc_dong','004'),
	 ('00154','Cự Khối','Cu Khoi','Phường Cự Khối','Cu Khoi Ward','cu_khoi','004'),
	 ('00157','Nghĩa Đô','Nghia Do','Phường Nghĩa Đô','Nghia Do Ward','nghia_do','005'),
	 ('00160','Nghĩa Tân','Nghia Tan','Phường Nghĩa Tân','Nghia Tan Ward','nghia_tan','005'),
	 ('00163','Mai Dịch','Mai Dich','Phường Mai Dịch','Mai Dich Ward','mai_dich','005'),
	 ('00166','Dịch Vọng','Dich Vong','Phường Dịch Vọng','Dich Vong Ward','dich_vong','005'),
	 ('00167','Dịch Vọng Hậu','Dich Vong Hau','Phường Dịch Vọng Hậu','Dich Vong Hau Ward','dich_vong_hau','005'),
	 ('00169','Quan Hoa','Quan Hoa','Phường Quan Hoa','Quan Hoa Ward','quan_hoa','005'),
	 ('00172','Yên Hoà','Yen Hoa','Phường Yên Hoà','Yen Hoa Ward','yen_hoa','005'),
	 ('00175','Trung Hoà','Trung Hoa','Phường Trung Hoà','Trung Hoa Ward','trung_hoa','005'),
	 ('00178','Cát Linh','Cat Linh','Phường Cát Linh','Cat Linh Ward','cat_linh','006'),
	 ('00181','Văn Miếu','Van Mieu','Phường Văn Miếu','Van Mieu Ward','van_mieu','006'),
	 ('00184','Quốc Tử Giám','Quoc Tu Giam','Phường Quốc Tử Giám','Quoc Tu Giam Ward','quoc_tu_giam','006'),
	 ('00187','Láng Thượng','Lang Thuong','Phường Láng Thượng','Lang Thuong Ward','lang_thuong','006'),
	 ('00190','Ô Chợ Dừa','O Cho Dua','Phường Ô Chợ Dừa','O Cho Dua Ward','o_cho_dua','006'),
	 ('00193','Văn Chương','Van Chuong','Phường Văn Chương','Van Chuong Ward','van_chuong','006'),
	 ('00196','Hàng Bột','Hang Bot','Phường Hàng Bột','Hang Bot Ward','hang_bot','006'),
	 ('00199','Láng Hạ','Lang Ha','Phường Láng Hạ','Lang Ha Ward','lang_ha','006'),
	 ('00202','Khâm Thiên','Kham Thien','Phường Khâm Thiên','Kham Thien Ward','kham_thien','006'),
	 ('00205','Thổ Quan','Tho Quan','Phường Thổ Quan','Tho Quan Ward','tho_quan','006'),
	 ('00208','Nam Đồng','Nam Dong','Phường Nam Đồng','Nam Dong Ward','nam_dong','006'),
	 ('00211','Trung Phụng','Trung Phung','Phường Trung Phụng','Trung Phung Ward','trung_phung','006'),
	 ('00214','Quang Trung','Quang Trung','Phường Quang Trung','Quang Trung Ward','quang_trung','006'),
	 ('00217','Trung Liệt','Trung Liet','Phường Trung Liệt','Trung Liet Ward','trung_liet','006'),
	 ('00220','Phương Liên','Phuong Lien','Phường Phương Liên','Phuong Lien Ward','phuong_lien','006'),
	 ('00223','Thịnh Quang','Thinh Quang','Phường Thịnh Quang','Thinh Quang Ward','thinh_quang','006'),
	 ('00226','Trung Tự','Trung Tu','Phường Trung Tự','Trung Tu Ward','trung_tu','006'),
	 ('00229','Kim Liên','Kim Lien','Phường Kim Liên','Kim Lien Ward','kim_lien','006'),
	 ('00232','Phương Mai','Phuong Mai','Phường Phương Mai','Phuong Mai Ward','phuong_mai','006'),
	 ('00235','Ngã Tư Sở','Nga Tu So','Phường Ngã Tư Sở','Nga Tu So Ward','nga_tu_so','006'),
	 ('00238','Khương Thượng','Khuong Thuong','Phường Khương Thượng','Khuong Thuong Ward','khuong_thuong','006'),
	 ('00241','Nguyễn Du','Nguyen Du','Phường Nguyễn Du','Nguyen Du Ward','nguyen_du','007'),
	 ('00244','Bạch Đằng','Bach Dang','Phường Bạch Đằng','Bach Dang Ward','bach_dang','007'),
	 ('00247','Phạm Đình Hổ','Pham Dinh Ho','Phường Phạm Đình Hổ','Pham Dinh Ho Ward','pham_dinh_ho','007'),
	 ('00256','Lê Đại Hành','Le Dai Hanh','Phường Lê Đại Hành','Le Dai Hanh Ward','le_dai_hanh','007'),
	 ('00259','Đồng Nhân','Dong Nhan','Phường Đồng Nhân','Dong Nhan Ward','dong_nhan','007'),
	 ('00262','Phố Huế','Pho Hue','Phường Phố Huế','Pho Hue Ward','pho_hue','007'),
	 ('00265','Đống Mác','Dong Mac','Phường Đống Mác','Dong Mac Ward','dong_mac','007'),
	 ('00268','Thanh Lương','Thanh Luong','Phường Thanh Lương','Thanh Luong Ward','thanh_luong','007'),
	 ('00271','Thanh Nhàn','Thanh Nhan','Phường Thanh Nhàn','Thanh Nhan Ward','thanh_nhan','007'),
	 ('00274','Cầu Dền','Cau Den','Phường Cầu Dền','Cau Den Ward','cau_den','007'),
	 ('00277','Bách Khoa','Bach Khoa','Phường Bách Khoa','Bach Khoa Ward','bach_khoa','007'),
	 ('00280','Đồng Tâm','Dong Tam','Phường Đồng Tâm','Dong Tam Ward','dong_tam','007'),
	 ('00283','Vĩnh Tuy','Vinh Tuy','Phường Vĩnh Tuy','Vinh Tuy Ward','vinh_tuy','007'),
	 ('00286','Bạch Mai','Bach Mai','Phường Bạch Mai','Bach Mai Ward','bach_mai','007'),
	 ('00289','Quỳnh Mai','Quynh Mai','Phường Quỳnh Mai','Quynh Mai Ward','quynh_mai','007'),
	 ('00292','Quỳnh Lôi','Quynh Loi','Phường Quỳnh Lôi','Quynh Loi Ward','quynh_loi','007'),
	 ('00295','Minh Khai','Minh Khai','Phường Minh Khai','Minh Khai Ward','minh_khai','007'),
	 ('00298','Trương Định','Truong Dinh','Phường Trương Định','Truong Dinh Ward','truong_dinh','007'),
	 ('00301','Thanh Trì','Thanh Tri','Phường Thanh Trì','Thanh Tri Ward','thanh_tri','008'),
	 ('00304','Vĩnh Hưng','Vinh Hung','Phường Vĩnh Hưng','Vinh Hung Ward','vinh_hung','008'),
	 ('00307','Định Công','Dinh Cong','Phường Định Công','Dinh Cong Ward','dinh_cong','008'),
	 ('00310','Mai Động','Mai Dong','Phường Mai Động','Mai Dong Ward','mai_dong','008'),
	 ('00313','Tương Mai','Tuong Mai','Phường Tương Mai','Tuong Mai Ward','tuong_mai','008'),
	 ('00316','Đại Kim','Dai Kim','Phường Đại Kim','Dai Kim Ward','dai_kim','008'),
	 ('00319','Tân Mai','Tan Mai','Phường Tân Mai','Tan Mai Ward','tan_mai','008'),
	 ('00322','Hoàng Văn Thụ','Hoang Van Thu','Phường Hoàng Văn Thụ','Hoang Van Thu Ward','hoang_van_thu','008'),
	 ('00325','Giáp Bát','Giap Bat','Phường Giáp Bát','Giap Bat Ward','giap_bat','008'),
	 ('00328','Lĩnh Nam','Linh Nam','Phường Lĩnh Nam','Linh Nam Ward','linh_nam','008'),
	 ('00331','Thịnh Liệt','Thinh Liet','Phường Thịnh Liệt','Thinh Liet Ward','thinh_liet','008'),
	 ('00334','Trần Phú','Tran Phu','Phường Trần Phú','Tran Phu Ward','tran_phu','008'),
	 ('00337','Hoàng Liệt','Hoang Liet','Phường Hoàng Liệt','Hoang Liet Ward','hoang_liet','008'),
	 ('00340','Yên Sở','Yen So','Phường Yên Sở','Yen So Ward','yen_so','008'),
	 ('00343','Nhân Chính','Nhan Chinh','Phường Nhân Chính','Nhan Chinh Ward','nhan_chinh','009'),
	 ('00346','Thượng Đình','Thuong Dinh','Phường Thượng Đình','Thuong Dinh Ward','thuong_dinh','009'),
	 ('00349','Khương Trung','Khuong Trung','Phường Khương Trung','Khuong Trung Ward','khuong_trung','009'),
	 ('00352','Khương Mai','Khuong Mai','Phường Khương Mai','Khuong Mai Ward','khuong_mai','009'),
	 ('00355','Thanh Xuân Trung','Thanh Xuan Trung','Phường Thanh Xuân Trung','Thanh Xuan Trung Ward','thanh_xuan_trung','009'),
	 ('00358','Phương Liệt','Phuong Liet','Phường Phương Liệt','Phuong Liet Ward','phuong_liet','009'),
	 ('00361','Hạ Đình','Ha Dinh','Phường Hạ Đình','Ha Dinh Ward','ha_dinh','009'),
	 ('00364','Khương Đình','Khuong Dinh','Phường Khương Đình','Khuong Dinh Ward','khuong_dinh','009'),
	 ('00367','Thanh Xuân Bắc','Thanh Xuan Bac','Phường Thanh Xuân Bắc','Thanh Xuan Bac Ward','thanh_xuan_bac','009'),
	 ('00370','Thanh Xuân Nam','Thanh Xuan Nam','Phường Thanh Xuân Nam','Thanh Xuan Nam Ward','thanh_xuan_nam','009'),
	 ('00373','Kim Giang','Kim Giang','Phường Kim Giang','Kim Giang Ward','kim_giang','009'),
	 ('00376','Sóc Sơn','Soc Son','Thị trấn Sóc Sơn','Soc Son Township','soc_son','016'),
	 ('00379','Bắc Sơn','Bac Son','Xã Bắc Sơn','Bac Son Commune','bac_son','016'),
	 ('00382','Minh Trí','Minh Tri','Xã Minh Trí','Minh Tri Commune','minh_tri','016'),
	 ('00385','Hồng Kỳ','Hong Ky','Xã Hồng Kỳ','Hong Ky Commune','hong_ky','016'),
	 ('00388','Nam Sơn','Nam Son','Xã Nam Sơn','Nam Son Commune','nam_son','016'),
	 ('00391','Trung Giã','Trung Gia','Xã Trung Giã','Trung Gia Commune','trung_gia','016'),
	 ('00394','Tân Hưng','Tan Hung','Xã Tân Hưng','Tan Hung Commune','tan_hung','016'),
	 ('00397','Minh Phú','Minh Phu','Xã Minh Phú','Minh Phu Commune','minh_phu','016'),
	 ('00400','Phù Linh','Phu Linh','Xã Phù Linh','Phu Linh Commune','phu_linh','016'),
	 ('00403','Bắc Phú','Bac Phu','Xã Bắc Phú','Bac Phu Commune','bac_phu','016'),
	 ('00406','Tân Minh','Tan Minh','Xã Tân Minh','Tan Minh Commune','tan_minh','016'),
	 ('00409','Quang Tiến','Quang Tien','Xã Quang Tiến','Quang Tien Commune','quang_tien','016'),
	 ('00412','Hiền Ninh','Hien Ninh','Xã Hiền Ninh','Hien Ninh Commune','hien_ninh','016'),
	 ('00415','Tân Dân','Tan Dan','Xã Tân Dân','Tan Dan Commune','tan_dan','016'),
	 ('00418','Tiên Dược','Tien Duoc','Xã Tiên Dược','Tien Duoc Commune','tien_duoc','016'),
	 ('00421','Việt Long','Viet Long','Xã Việt Long','Viet Long Commune','viet_long','016'),
	 ('00424','Xuân Giang','Xuan Giang','Xã Xuân Giang','Xuan Giang Commune','xuan_giang','016'),
	 ('00427','Mai Đình','Mai Dinh','Xã Mai Đình','Mai Dinh Commune','mai_dinh','016'),
	 ('00430','Đức Hoà','Duc Hoa','Xã Đức Hoà','Duc Hoa Commune','duc_hoa','016'),
	 ('00433','Thanh Xuân','Thanh Xuan','Xã Thanh Xuân','Thanh Xuan Commune','thanh_xuan','016'),
	 ('00436','Đông Xuân','Dong Xuan','Xã Đông Xuân','Dong Xuan Commune','dong_xuan','016'),
	 ('00439','Kim Lũ','Kim Lu','Xã Kim Lũ','Kim Lu Commune','kim_lu','016'),
	 ('00442','Phú Cường','Phu Cuong','Xã Phú Cường','Phu Cuong Commune','phu_cuong','016'),
	 ('00445','Phú Minh','Phu Minh','Xã Phú Minh','Phu Minh Commune','phu_minh','016'),
	 ('00448','Phù Lỗ','Phu Lo','Xã Phù Lỗ','Phu Lo Commune','phu_lo','016'),
	 ('00451','Xuân Thu','Xuan Thu','Xã Xuân Thu','Xuan Thu Commune','xuan_thu','016'),
	 ('00454','Đông Anh','Dong Anh','Thị trấn Đông Anh','Dong Anh Township','dong_anh','017'),
	 ('00457','Xuân Nộn','Xuan Non','Xã Xuân Nộn','Xuan Non Commune','xuan_non','017'),
	 ('00460','Thuỵ Lâm','Thuy Lam','Xã Thuỵ Lâm','Thuy Lam Commune','thuy_lam','017'),
	 ('00463','Bắc Hồng','Bac Hong','Xã Bắc Hồng','Bac Hong Commune','bac_hong','017'),
	 ('00466','Nguyên Khê','Nguyen Khe','Xã Nguyên Khê','Nguyen Khe Commune','nguyen_khe','017'),
	 ('00469','Nam Hồng','Nam Hong','Xã Nam Hồng','Nam Hong Commune','nam_hong','017'),
	 ('00472','Tiên Dương','Tien Duong','Xã Tiên Dương','Tien Duong Commune','tien_duong','017'),
	 ('00475','Vân Hà','Van Ha','Xã Vân Hà','Van Ha Commune','van_ha','017'),
	 ('00478','Uy Nỗ','Uy No','Xã Uy Nỗ','Uy No Commune','uy_no','017'),
	 ('00481','Vân Nội','Van Noi','Xã Vân Nội','Van Noi Commune','van_noi','017'),
	 ('00484','Liên Hà','Lien Ha','Xã Liên Hà','Lien Ha Commune','lien_ha','017'),
	 ('00487','Việt Hùng','Viet Hung','Xã Việt Hùng','Viet Hung Commune','viet_hung','017'),
	 ('00490','Kim Nỗ','Kim No','Xã Kim Nỗ','Kim No Commune','kim_no','017'),
	 ('00493','Kim Chung','Kim Chung','Xã Kim Chung','Kim Chung Commune','kim_chung','017'),
	 ('00496','Dục Tú','Duc Tu','Xã Dục Tú','Duc Tu Commune','duc_tu','017'),
	 ('00499','Đại Mạch','Dai Mach','Xã Đại Mạch','Dai Mach Commune','dai_mach','017'),
	 ('00502','Vĩnh Ngọc','Vinh Ngoc','Xã Vĩnh Ngọc','Vinh Ngoc Commune','vinh_ngoc','017'),
	 ('00505','Cổ Loa','Co Loa','Xã Cổ Loa','Co Loa Commune','co_loa','017'),
	 ('00508','Hải Bối','Hai Boi','Xã Hải Bối','Hai Boi Commune','hai_boi','017'),
	 ('00511','Xuân Canh','Xuan Canh','Xã Xuân Canh','Xuan Canh Commune','xuan_canh','017'),
	 ('00514','Võng La','Vong La','Xã Võng La','Vong La Commune','vong_la','017'),
	 ('00517','Tàm Xá','Tam Xa','Xã Tàm Xá','Tam Xa Commune','tam_xa','017'),
	 ('00520','Mai Lâm','Mai Lam','Xã Mai Lâm','Mai Lam Commune','mai_lam','017'),
	 ('00523','Đông Hội','Dong Hoi','Xã Đông Hội','Dong Hoi Commune','dong_hoi','017'),
	 ('00526','Yên Viên','Yen Vien','Thị trấn Yên Viên','Yen Vien Township','yen_vien','018'),
	 ('00529','Yên Thường','Yen Thuong','Xã Yên Thường','Yen Thuong Commune','yen_thuong','018'),
	 ('00532','Yên Viên','Yen Vien','Xã Yên Viên','Yen Vien Commune','yen_vien','018'),
	 ('00535','Ninh Hiệp','Ninh Hiep','Xã Ninh Hiệp','Ninh Hiep Commune','ninh_hiep','018'),
	 ('00538','Đình Xuyên','Dinh Xuyen','Xã Đình Xuyên','Dinh Xuyen Commune','dinh_xuyen','018'),
	 ('00541','Dương Hà','Duong Ha','Xã Dương Hà','Duong Ha Commune','duong_ha','018'),
	 ('00544','Phù Đổng','Phu Dong','Xã Phù Đổng','Phu Dong Commune','phu_dong','018'),
	 ('00547','Trung Mầu','Trung Mau','Xã Trung Mầu','Trung Mau Commune','trung_mau','018'),
	 ('00550','Lệ Chi','Le Chi','Xã Lệ Chi','Le Chi Commune','le_chi','018'),
	 ('00553','Cổ Bi','Co Bi','Xã Cổ Bi','Co Bi Commune','co_bi','018'),
	 ('00556','Đặng Xá','Dang Xa','Xã Đặng Xá','Dang Xa Commune','dang_xa','018'),
	 ('00559','Phú Thị','Phu Thi','Xã Phú Thị','Phu Thi Commune','phu_thi','018'),
	 ('00562','Kim Sơn','Kim Son','Xã Kim Sơn','Kim Son Commune','kim_son','018'),
	 ('00565','Trâu Quỳ','Trau Quy','Thị trấn Trâu Quỳ','Trau Quy Township','trau_quy','018'),
	 ('00568','Dương Quang','Duong Quang','Xã Dương Quang','Duong Quang Commune','duong_quang','018'),
	 ('00571','Dương Xá','Duong Xa','Xã Dương Xá','Duong Xa Commune','duong_xa','018'),
	 ('00574','Đông Dư','Dong Du','Xã Đông Dư','Dong Du Commune','dong_du','018'),
	 ('00577','Đa Tốn','Da Ton','Xã Đa Tốn','Da Ton Commune','da_ton','018'),
	 ('00580','Kiêu Kỵ','Kieu Ky','Xã Kiêu Kỵ','Kieu Ky Commune','kieu_ky','018'),
	 ('00583','Bát Tràng','Bat Trang','Xã Bát Tràng','Bat Trang Commune','bat_trang','018'),
	 ('00586','Kim Lan','Kim Lan','Xã Kim Lan','Kim Lan Commune','kim_lan','018'),
	 ('00589','Văn Đức','Van Duc','Xã Văn Đức','Van Duc Commune','van_duc','018'),
	 ('00592','Cầu Diễn','Cau Dien','Phường Cầu Diễn','Cau Dien Ward','cau_dien','019'),
	 ('00622','Xuân Phương','Xuan Phuong','Phường Xuân Phương','Xuan Phuong Ward','xuan_phuong','019'),
	 ('00623','Phương Canh','Phuong Canh','Phường Phương Canh','Phuong Canh Ward','phuong_canh','019'),
	 ('00625','Mỹ Đình 1','My Dinh 1','Phường Mỹ Đình 1','My Dinh 1 Ward','my_dinh_1','019'),
	 ('00626','Mỹ Đình 2','My Dinh 2','Phường Mỹ Đình 2','My Dinh 2 Ward','my_dinh_2','019'),
	 ('00628','Tây Mỗ','Tay Mo','Phường Tây Mỗ','Tay Mo Ward','tay_mo','019'),
	 ('00631','Mễ Trì','Me Tri','Phường Mễ Trì','Me Tri Ward','me_tri','019'),
	 ('00632','Phú Đô','Phu Do','Phường Phú Đô','Phu Do Ward','phu_do','019'),
	 ('00634','Đại Mỗ','Dai Mo','Phường Đại Mỗ','Dai Mo Ward','dai_mo','019'),
	 ('00637','Trung Văn','Trung Van','Phường Trung Văn','Trung Van Ward','trung_van','019'),
	 ('00640','Văn Điển','Van Dien','Thị trấn Văn Điển','Van Dien Township','van_dien','020'),
	 ('00643','Tân Triều','Tan Trieu','Xã Tân Triều','Tan Trieu Commune','tan_trieu','020'),
	 ('00646','Thanh Liệt','Thanh Liet','Xã Thanh Liệt','Thanh Liet Commune','thanh_liet','020'),
	 ('00649','Tả Thanh Oai','Ta Thanh Oai','Xã Tả Thanh Oai','Ta Thanh Oai Commune','ta_thanh_oai','020'),
	 ('00652','Hữu Hoà','Huu Hoa','Xã Hữu Hoà','Huu Hoa Commune','huu_hoa','020'),
	 ('00655','Tam Hiệp','Tam Hiep','Xã Tam Hiệp','Tam Hiep Commune','tam_hiep','020'),
	 ('00658','Tứ Hiệp','Tu Hiep','Xã Tứ Hiệp','Tu Hiep Commune','tu_hiep','020'),
	 ('00661','Yên Mỹ','Yen My','Xã Yên Mỹ','Yen My Commune','yen_my','020'),
	 ('00664','Vĩnh Quỳnh','Vinh Quynh','Xã Vĩnh Quỳnh','Vinh Quynh Commune','vinh_quynh','020'),
	 ('00667','Ngũ Hiệp','Ngu Hiep','Xã Ngũ Hiệp','Ngu Hiep Commune','ngu_hiep','020'),
	 ('00670','Duyên Hà','Duyen Ha','Xã Duyên Hà','Duyen Ha Commune','duyen_ha','020'),
	 ('00673','Ngọc Hồi','Ngoc Hoi','Xã Ngọc Hồi','Ngoc Hoi Commune','ngoc_hoi','020'),
	 ('00676','Vạn Phúc','Van Phuc','Xã Vạn Phúc','Van Phuc Commune','van_phuc','020'),
	 ('00679','Đại áng','Dai ang','Xã Đại áng','Dai ang Commune','dai_ang','020'),
	 ('00682','Liên Ninh','Lien Ninh','Xã Liên Ninh','Lien Ninh Commune','lien_ninh','020'),
	 ('00685','Đông Mỹ','Dong My','Xã Đông Mỹ','Dong My Commune','dong_my','020'),
	 ('00595','Thượng Cát','Thuong Cat','Phường Thượng Cát','Thuong Cat Ward','thuong_cat','021'),
	 ('00598','Liên Mạc','Lien Mac','Phường Liên Mạc','Lien Mac Ward','lien_mac','021'),
	 ('00601','Đông Ngạc','Dong Ngac','Phường Đông Ngạc','Dong Ngac Ward','dong_ngac','021'),
	 ('00602','Đức Thắng','Duc Thang','Phường Đức Thắng','Duc Thang Ward','duc_thang','021'),
	 ('00604','Thụy Phương','Thuy Phuong','Phường Thụy Phương','Thuy Phuong Ward','thuy_phuong','021'),
	 ('00607','Tây Tựu','Tay Tuu','Phường Tây Tựu','Tay Tuu Ward','tay_tuu','021'),
	 ('00610','Xuân Đỉnh','Xuan Dinh','Phường Xuân Đỉnh','Xuan Dinh Ward','xuan_dinh','021'),
	 ('00611','Xuân Tảo','Xuan Tao','Phường Xuân Tảo','Xuan Tao Ward','xuan_tao','021'),
	 ('00613','Minh Khai','Minh Khai','Phường Minh Khai','Minh Khai Ward','minh_khai','021'),
	 ('00616','Cổ Nhuế 1','Co Nhue 1','Phường Cổ Nhuế 1','Co Nhue 1 Ward','co_nhue_1','021'),
	 ('00617','Cổ Nhuế 2','Co Nhue 2','Phường Cổ Nhuế 2','Co Nhue 2 Ward','co_nhue_2','021'),
	 ('00619','Phú Diễn','Phu Dien','Phường Phú Diễn','Phu Dien Ward','phu_dien','021'),
	 ('00620','Phúc Diễn','Phuc Dien','Phường Phúc Diễn','Phuc Dien Ward','phuc_dien','021'),
	 ('08973','Chi Đông','Chi Dong','Thị trấn Chi Đông','Chi Dong Township','chi_dong','250'),
	 ('08974','Đại Thịnh','Dai Thinh','Xã Đại Thịnh','Dai Thinh Commune','dai_thinh','250'),
	 ('08977','Kim Hoa','Kim Hoa','Xã Kim Hoa','Kim Hoa Commune','kim_hoa','250'),
	 ('08980','Thạch Đà','Thach Da','Xã Thạch Đà','Thach Da Commune','thach_da','250'),
	 ('08983','Tiến Thắng','Tien Thang','Xã Tiến Thắng','Tien Thang Commune','tien_thang','250'),
	 ('08986','Tự Lập','Tu Lap','Xã Tự Lập','Tu Lap Commune','tu_lap','250'),
	 ('08989','Quang Minh','Quang Minh','Thị trấn Quang Minh','Quang Minh Township','quang_minh','250'),
	 ('08992','Thanh Lâm','Thanh Lam','Xã Thanh Lâm','Thanh Lam Commune','thanh_lam','250'),
	 ('08995','Tam Đồng','Tam Dong','Xã Tam Đồng','Tam Dong Commune','tam_dong','250'),
	 ('08998','Liên Mạc','Lien Mac','Xã Liên Mạc','Lien Mac Commune','lien_mac','250'),
	 ('09001','Vạn Yên','Van Yen','Xã Vạn Yên','Van Yen Commune','van_yen','250'),
	 ('09004','Chu Phan','Chu Phan','Xã Chu Phan','Chu Phan Commune','chu_phan','250'),
	 ('09007','Tiến Thịnh','Tien Thinh','Xã Tiến Thịnh','Tien Thinh Commune','tien_thinh','250'),
	 ('09010','Mê Linh','Me Linh','Xã Mê Linh','Me Linh Commune','me_linh','250'),
	 ('09013','Văn Khê','Van Khe','Xã Văn Khê','Van Khe Commune','van_khe','250'),
	 ('09016','Hoàng Kim','Hoang Kim','Xã Hoàng Kim','Hoang Kim Commune','hoang_kim','250'),
	 ('09019','Tiền Phong','Tien Phong','Xã Tiền Phong','Tien Phong Commune','tien_phong','250'),
	 ('09022','Tráng Việt','Trang Viet','Xã Tráng Việt','Trang Viet Commune','trang_viet','250'),
	 ('09538','Nguyễn Trãi','Nguyen Trai','Phường Nguyễn Trãi','Nguyen Trai Ward','nguyen_trai','268'),
	 ('09541','Mộ Lao','Mo Lao','Phường Mộ Lao','Mo Lao Ward','mo_lao','268'),
	 ('09542','Văn Quán','Van Quan','Phường Văn Quán','Van Quan Ward','van_quan','268'),
	 ('09544','Vạn Phúc','Van Phuc','Phường Vạn Phúc','Van Phuc Ward','van_phuc','268'),
	 ('09547','Yết Kiêu','Yet Kieu','Phường Yết Kiêu','Yet Kieu Ward','yet_kieu','268'),
	 ('09550','Quang Trung','Quang Trung','Phường Quang Trung','Quang Trung Ward','quang_trung','268'),
	 ('09551','La Khê','La Khe','Phường La Khê','La Khe Ward','la_khe','268'),
	 ('09552','Phú La','Phu La','Phường Phú La','Phu La Ward','phu_la','268'),
	 ('09553','Phúc La','Phuc La','Phường Phúc La','Phuc La Ward','phuc_la','268'),
	 ('09556','Hà Cầu','Ha Cau','Phường Hà Cầu','Ha Cau Ward','ha_cau','268'),
	 ('09562','Yên Nghĩa','Yen Nghia','Phường Yên Nghĩa','Yen Nghia Ward','yen_nghia','268'),
	 ('09565','Kiến Hưng','Kien Hung','Phường Kiến Hưng','Kien Hung Ward','kien_hung','268'),
	 ('09568','Phú Lãm','Phu Lam','Phường Phú Lãm','Phu Lam Ward','phu_lam','268'),
	 ('09571','Phú Lương','Phu Luong','Phường Phú Lương','Phu Luong Ward','phu_luong','268'),
	 ('09886','Dương Nội','Duong Noi','Phường Dương Nội','Duong Noi Ward','duong_noi','268'),
	 ('10117','Đồng Mai','Dong Mai','Phường Đồng Mai','Dong Mai Ward','dong_mai','268'),
	 ('10123','Biên Giang','Bien Giang','Phường Biên Giang','Bien Giang Ward','bien_giang','268'),
	 ('09574','Lê Lợi','Le Loi','Phường Lê Lợi','Le Loi Ward','le_loi','269'),
	 ('09577','Phú Thịnh','Phu Thinh','Phường Phú Thịnh','Phu Thinh Ward','phu_thinh','269'),
	 ('09580','Ngô Quyền','Ngo Quyen','Phường Ngô Quyền','Ngo Quyen Ward','ngo_quyen','269'),
	 ('09583','Quang Trung','Quang Trung','Phường Quang Trung','Quang Trung Ward','quang_trung','269'),
	 ('09586','Sơn Lộc','Son Loc','Phường Sơn Lộc','Son Loc Ward','son_loc','269'),
	 ('09589','Xuân Khanh','Xuan Khanh','Phường Xuân Khanh','Xuan Khanh Ward','xuan_khanh','269'),
	 ('09592','Đường Lâm','Duong Lam','Xã Đường Lâm','Duong Lam Commune','duong_lam','269'),
	 ('09595','Viên Sơn','Vien Son','Phường Viên Sơn','Vien Son Ward','vien_son','269'),
	 ('09598','Xuân Sơn','Xuan Son','Xã Xuân Sơn','Xuan Son Commune','xuan_son','269'),
	 ('09601','Trung Hưng','Trung Hung','Phường Trung Hưng','Trung Hung Ward','trung_hung','269'),
	 ('09604','Thanh Mỹ','Thanh My','Xã Thanh Mỹ','Thanh My Commune','thanh_my','269'),
	 ('09607','Trung Sơn Trầm','Trung Son Tram','Phường Trung Sơn Trầm','Trung Son Tram Ward','trung_son_tram','269'),
	 ('09610','Kim Sơn','Kim Son','Xã Kim Sơn','Kim Son Commune','kim_son','269'),
	 ('09613','Sơn Đông','Son Dong','Xã Sơn Đông','Son Dong Commune','son_dong','269'),
	 ('09616','Cổ Đông','Co Dong','Xã Cổ Đông','Co Dong Commune','co_dong','269'),
	 ('09619','Tây Đằng','Tay Dang','Thị trấn Tây Đằng','Tay Dang Township','tay_dang','271'),
	 ('09625','Phú Cường','Phu Cuong','Xã Phú Cường','Phu Cuong Commune','phu_cuong','271'),
	 ('09628','Cổ Đô','Co Do','Xã Cổ Đô','Co Do Commune','co_do','271'),
	 ('09631','Tản Hồng','Tan Hong','Xã Tản Hồng','Tan Hong Commune','tan_hong','271'),
	 ('09634','Vạn Thắng','Van Thang','Xã Vạn Thắng','Van Thang Commune','van_thang','271'),
	 ('09637','Châu Sơn','Chau Son','Xã Châu Sơn','Chau Son Commune','chau_son','271'),
	 ('09640','Phong Vân','Phong Van','Xã Phong Vân','Phong Van Commune','phong_van','271'),
	 ('09643','Phú Đông','Phu Dong','Xã Phú Đông','Phu Dong Commune','phu_dong','271'),
	 ('09646','Phú Phương','Phu Phuong','Xã Phú Phương','Phu Phuong Commune','phu_phuong','271'),
	 ('09649','Phú Châu','Phu Chau','Xã Phú Châu','Phu Chau Commune','phu_chau','271'),
	 ('09652','Thái Hòa','Thai Hoa','Xã Thái Hòa','Thai Hoa Commune','thai_hoa','271'),
	 ('09655','Đồng Thái','Dong Thai','Xã Đồng Thái','Dong Thai Commune','dong_thai','271'),
	 ('09658','Phú Sơn','Phu Son','Xã Phú Sơn','Phu Son Commune','phu_son','271'),
	 ('09661','Minh Châu','Minh Chau','Xã Minh Châu','Minh Chau Commune','minh_chau','271'),
	 ('09664','Vật Lại','Vat Lai','Xã Vật Lại','Vat Lai Commune','vat_lai','271'),
	 ('09667','Chu Minh','Chu Minh','Xã Chu Minh','Chu Minh Commune','chu_minh','271'),
	 ('09670','Tòng Bạt','Tong Bat','Xã Tòng Bạt','Tong Bat Commune','tong_bat','271'),
	 ('09673','Cẩm Lĩnh','Cam Linh','Xã Cẩm Lĩnh','Cam Linh Commune','cam_linh','271'),
	 ('09676','Sơn Đà','Son Da','Xã Sơn Đà','Son Da Commune','son_da','271'),
	 ('09679','Đông Quang','Dong Quang','Xã Đông Quang','Dong Quang Commune','dong_quang','271'),
	 ('09682','Tiên Phong','Tien Phong','Xã Tiên Phong','Tien Phong Commune','tien_phong','271'),
	 ('09685','Thụy An','Thuy An','Xã Thụy An','Thuy An Commune','thuy_an','271'),
	 ('09688','Cam Thượng','Cam Thuong','Xã Cam Thượng','Cam Thuong Commune','cam_thuong','271'),
	 ('09691','Thuần Mỹ','Thuan My','Xã Thuần Mỹ','Thuan My Commune','thuan_my','271'),
	 ('09694','Tản Lĩnh','Tan Linh','Xã Tản Lĩnh','Tan Linh Commune','tan_linh','271'),
	 ('09697','Ba Trại','Ba Trai','Xã Ba Trại','Ba Trai Commune','ba_trai','271'),
	 ('09700','Minh Quang','Minh Quang','Xã Minh Quang','Minh Quang Commune','minh_quang','271'),
	 ('09703','Ba Vì','Ba Vi','Xã Ba Vì','Ba Vi Commune','ba_vi','271'),
	 ('09706','Vân Hòa','Van Hoa','Xã Vân Hòa','Van Hoa Commune','van_hoa','271'),
	 ('09709','Yên Bài','Yen Bai','Xã Yên Bài','Yen Bai Commune','yen_bai','271'),
	 ('09712','Khánh Thượng','Khanh Thuong','Xã Khánh Thượng','Khanh Thuong Commune','khanh_thuong','271'),
	 ('09715','Phúc Thọ','Phuc Tho','Thị trấn Phúc Thọ','Phuc Tho Township','phuc_tho','272'),
	 ('09718','Vân Hà','Van Ha','Xã Vân Hà','Van Ha Commune','van_ha','272'),
	 ('09721','Vân Phúc','Van Phuc','Xã Vân Phúc','Van Phuc Commune','van_phuc','272'),
	 ('09724','Vân Nam','Van Nam','Xã Vân Nam','Van Nam Commune','van_nam','272'),
	 ('09727','Xuân Đình','Xuan Dinh','Xã Xuân Đình','Xuan Dinh Commune','xuan_dinh','272'),
	 ('09733','Sen Phương','Sen Phuong','Xã Sen Phương','Sen Phuong Commune','sen_phuong','272'),
	 ('09739','Võng Xuyên','Vong Xuyen','Xã Võng Xuyên','Vong Xuyen Commune','vong_xuyen','272'),
	 ('09742','Thọ Lộc','Tho Loc','Xã Thọ Lộc','Tho Loc Commune','tho_loc','272'),
	 ('09745','Long Xuyên','Long Xuyen','Xã Long Xuyên','Long Xuyen Commune','long_xuyen','272'),
	 ('09748','Thượng Cốc','Thuong Coc','Xã Thượng Cốc','Thuong Coc Commune','thuong_coc','272'),
	 ('09751','Hát Môn','Hat Mon','Xã Hát Môn','Hat Mon Commune','hat_mon','272'),
	 ('09754','Tích Giang','Tich Giang','Xã Tích Giang','Tich Giang Commune','tich_giang','272'),
	 ('09757','Thanh Đa','Thanh Da','Xã Thanh Đa','Thanh Da Commune','thanh_da','272'),
	 ('09760','Trạch Mỹ Lộc','Trach My Loc','Xã Trạch Mỹ Lộc','Trach My Loc Commune','trach_my_loc','272'),
	 ('09763','Phúc Hòa','Phuc Hoa','Xã Phúc Hòa','Phuc Hoa Commune','phuc_hoa','272'),
	 ('09766','Ngọc Tảo','Ngoc Tao','Xã Ngọc Tảo','Ngoc Tao Commune','ngoc_tao','272'),
	 ('09769','Phụng Thượng','Phung Thuong','Xã Phụng Thượng','Phung Thuong Commune','phung_thuong','272'),
	 ('09772','Tam Thuấn','Tam Thuan','Xã Tam Thuấn','Tam Thuan Commune','tam_thuan','272'),
	 ('09775','Tam Hiệp','Tam Hiep','Xã Tam Hiệp','Tam Hiep Commune','tam_hiep','272'),
	 ('09778','Hiệp Thuận','Hiep Thuan','Xã Hiệp Thuận','Hiep Thuan Commune','hiep_thuan','272'),
	 ('09781','Liên Hiệp','Lien Hiep','Xã Liên Hiệp','Lien Hiep Commune','lien_hiep','272'),
	 ('09784','Phùng','Phung','Thị trấn Phùng','Phung Township','phung','273'),
	 ('09787','Trung Châu','Trung Chau','Xã Trung Châu','Trung Chau Commune','trung_chau','273'),
	 ('09790','Thọ An','Tho An','Xã Thọ An','Tho An Commune','tho_an','273'),
	 ('09793','Thọ Xuân','Tho Xuan','Xã Thọ Xuân','Tho Xuan Commune','tho_xuan','273'),
	 ('09796','Hồng Hà','Hong Ha','Xã Hồng Hà','Hong Ha Commune','hong_ha','273'),
	 ('09799','Liên Hồng','Lien Hong','Xã Liên Hồng','Lien Hong Commune','lien_hong','273'),
	 ('09802','Liên Hà','Lien Ha','Xã Liên Hà','Lien Ha Commune','lien_ha','273'),
	 ('09805','Hạ Mỗ','Ha Mo','Xã Hạ Mỗ','Ha Mo Commune','ha_mo','273'),
	 ('09808','Liên Trung','Lien Trung','Xã Liên Trung','Lien Trung Commune','lien_trung','273'),
	 ('09811','Phương Đình','Phuong Dinh','Xã Phương Đình','Phuong Dinh Commune','phuong_dinh','273'),
	 ('09814','Thượng Mỗ','Thuong Mo','Xã Thượng Mỗ','Thuong Mo Commune','thuong_mo','273'),
	 ('09817','Tân Hội','Tan Hoi','Xã Tân Hội','Tan Hoi Commune','tan_hoi','273'),
	 ('09820','Tân Lập','Tan Lap','Xã Tân Lập','Tan Lap Commune','tan_lap','273'),
	 ('09823','Đan Phượng','Dan Phuong','Xã Đan Phượng','Dan Phuong Commune','dan_phuong','273'),
	 ('09826','Đồng Tháp','Dong Thap','Xã Đồng Tháp','Dong Thap Commune','dong_thap','273'),
	 ('09829','Song Phượng','Song Phuong','Xã Song Phượng','Song Phuong Commune','song_phuong','273'),
	 ('09832','Trạm Trôi','Tram Troi','Thị trấn Trạm Trôi','Tram Troi Township','tram_troi','274'),
	 ('09835','Đức Thượng','Duc Thuong','Xã Đức Thượng','Duc Thuong Commune','duc_thuong','274'),
	 ('09838','Minh Khai','Minh Khai','Xã Minh Khai','Minh Khai Commune','minh_khai','274'),
	 ('09841','Dương Liễu','Duong Lieu','Xã Dương Liễu','Duong Lieu Commune','duong_lieu','274'),
	 ('09844','Di Trạch','Di Trach','Xã Di Trạch','Di Trach Commune','di_trach','274'),
	 ('09847','Đức Giang','Duc Giang','Xã Đức Giang','Duc Giang Commune','duc_giang','274'),
	 ('09850','Cát Quế','Cat Que','Xã Cát Quế','Cat Que Commune','cat_que','274'),
	 ('09853','Kim Chung','Kim Chung','Xã Kim Chung','Kim Chung Commune','kim_chung','274'),
	 ('09856','Yên Sở','Yen So','Xã Yên Sở','Yen So Commune','yen_so','274'),
	 ('09859','Sơn Đồng','Son Dong','Xã Sơn Đồng','Son Dong Commune','son_dong','274'),
	 ('09862','Vân Canh','Van Canh','Xã Vân Canh','Van Canh Commune','van_canh','274'),
	 ('09865','Đắc Sở','Dac So','Xã Đắc Sở','Dac So Commune','dac_so','274'),
	 ('09868','Lại Yên','Lai Yen','Xã Lại Yên','Lai Yen Commune','lai_yen','274'),
	 ('09871','Tiền Yên','Tien Yen','Xã Tiền Yên','Tien Yen Commune','tien_yen','274'),
	 ('09874','Song Phương','Song Phuong','Xã Song Phương','Song Phuong Commune','song_phuong','274'),
	 ('09877','An Khánh','An Khanh','Xã An Khánh','An Khanh Commune','an_khanh','274'),
	 ('09880','An Thượng','An Thuong','Xã An Thượng','An Thuong Commune','an_thuong','274'),
	 ('09883','Vân Côn','Van Con','Xã Vân Côn','Van Con Commune','van_con','274'),
	 ('09889','La Phù','La Phu','Xã La Phù','La Phu Commune','la_phu','274'),
	 ('09892','Đông La','Dong La','Xã Đông La','Dong La Commune','dong_la','274'),
	 ('04939','Đông Xuân','Dong Xuan','Xã Đông Xuân','Dong Xuan Commune','dong_xuan','275'),
	 ('09895','Quốc Oai','Quoc Oai','Thị trấn Quốc Oai','Quoc Oai Township','quoc_oai','275'),
	 ('09898','Sài Sơn','Sai Son','Xã Sài Sơn','Sai Son Commune','sai_son','275'),
	 ('09901','Phượng Cách','Phuong Cach','Xã Phượng Cách','Phuong Cach Commune','phuong_cach','275'),
	 ('09904','Yên Sơn','Yen Son','Xã Yên Sơn','Yen Son Commune','yen_son','275'),
	 ('09907','Ngọc Liệp','Ngoc Liep','Xã Ngọc Liệp','Ngoc Liep Commune','ngoc_liep','275'),
	 ('09910','Ngọc Mỹ','Ngoc My','Xã Ngọc Mỹ','Ngoc My Commune','ngoc_my','275'),
	 ('09913','Liệp Tuyết','Liep Tuyet','Xã Liệp Tuyết','Liep Tuyet Commune','liep_tuyet','275'),
	 ('09916','Thạch Thán','Thach Than','Xã Thạch Thán','Thach Than Commune','thach_than','275'),
	 ('09919','Đồng Quang','Dong Quang','Xã Đồng Quang','Dong Quang Commune','dong_quang','275'),
	 ('09922','Phú Cát','Phu Cat','Xã Phú Cát','Phu Cat Commune','phu_cat','275'),
	 ('09925','Tuyết Nghĩa','Tuyet Nghia','Xã Tuyết Nghĩa','Tuyet Nghia Commune','tuyet_nghia','275'),
	 ('09928','Nghĩa Hương','Nghia Huong','Xã Nghĩa Hương','Nghia Huong Commune','nghia_huong','275'),
	 ('09931','Cộng Hòa','Cong Hoa','Xã Cộng Hòa','Cong Hoa Commune','cong_hoa','275'),
	 ('09934','Tân Phú','Tan Phu','Xã Tân Phú','Tan Phu Commune','tan_phu','275'),
	 ('09937','Đại Thành','Dai Thanh','Xã Đại Thành','Dai Thanh Commune','dai_thanh','275'),
	 ('09940','Phú Mãn','Phu Man','Xã Phú Mãn','Phu Man Commune','phu_man','275'),
	 ('09943','Cấn Hữu','Can Huu','Xã Cấn Hữu','Can Huu Commune','can_huu','275'),
	 ('09946','Tân Hòa','Tan Hoa','Xã Tân Hòa','Tan Hoa Commune','tan_hoa','275'),
	 ('09949','Hòa Thạch','Hoa Thach','Xã Hòa Thạch','Hoa Thach Commune','hoa_thach','275'),
	 ('09952','Đông Yên','Dong Yen','Xã Đông Yên','Dong Yen Commune','dong_yen','275'),
	 ('04927','Yên Trung','Yen Trung','Xã Yên Trung','Yen Trung Commune','yen_trung','276'),
	 ('04930','Yên Bình','Yen Binh','Xã Yên Bình','Yen Binh Commune','yen_binh','276'),
	 ('04936','Tiến Xuân','Tien Xuan','Xã Tiến Xuân','Tien Xuan Commune','tien_xuan','276'),
	 ('10402','Hòa Lâm','Hoa Lam','Xã Hòa Lâm','Hoa Lam Commune','hoa_lam','281'),
	 ('09955','Liên Quan','Lien Quan','Thị trấn Liên Quan','Lien Quan Township','lien_quan','276'),
	 ('09958','Đại Đồng','Dai Dong','Xã Đại Đồng','Dai Dong Commune','dai_dong','276'),
	 ('09961','Cẩm Yên','Cam Yen','Xã Cẩm Yên','Cam Yen Commune','cam_yen','276'),
	 ('09964','Lại Thượng','Lai Thuong','Xã Lại Thượng','Lai Thuong Commune','lai_thuong','276'),
	 ('09967','Phú Kim','Phu Kim','Xã Phú Kim','Phu Kim Commune','phu_kim','276'),
	 ('09970','Hương Ngải','Huong Ngai','Xã Hương Ngải','Huong Ngai Commune','huong_ngai','276'),
	 ('09973','Canh Nậu','Canh Nau','Xã Canh Nậu','Canh Nau Commune','canh_nau','276'),
	 ('09976','Kim Quan','Kim Quan','Xã Kim Quan','Kim Quan Commune','kim_quan','276'),
	 ('09979','Dị Nậu','Di Nau','Xã Dị Nậu','Di Nau Commune','di_nau','276'),
	 ('09982','Bình Yên','Binh Yen','Xã Bình Yên','Binh Yen Commune','binh_yen','276'),
	 ('09985','Chàng Sơn','Chang Son','Xã Chàng Sơn','Chang Son Commune','chang_son','276'),
	 ('09988','Thạch Hoà','Thach Hoa','Xã Thạch Hoà','Thach Hoa Commune','thach_hoa','276'),
	 ('09991','Cần Kiệm','Can Kiem','Xã Cần Kiệm','Can Kiem Commune','can_kiem','276'),
	 ('09994','Hữu Bằng','Huu Bang','Xã Hữu Bằng','Huu Bang Commune','huu_bang','276'),
	 ('09997','Phùng Xá','Phung Xa','Xã Phùng Xá','Phung Xa Commune','phung_xa','276'),
	 ('10000','Tân Xã','Tan Xa','Xã Tân Xã','Tan Xa Commune','tan_xa','276'),
	 ('10003','Thạch Xá','Thach Xa','Xã Thạch Xá','Thach Xa Commune','thach_xa','276'),
	 ('10006','Bình Phú','Binh Phu','Xã Bình Phú','Binh Phu Commune','binh_phu','276'),
	 ('10009','Hạ Bằng','Ha Bang','Xã Hạ Bằng','Ha Bang Commune','ha_bang','276'),
	 ('10012','Đồng Trúc','Dong Truc','Xã Đồng Trúc','Dong Truc Commune','dong_truc','276'),
	 ('10015','Chúc Sơn','Chuc Son','Thị trấn Chúc Sơn','Chuc Son Township','chuc_son','277'),
	 ('10018','Xuân Mai','Xuan Mai','Thị trấn Xuân Mai','Xuan Mai Township','xuan_mai','277'),
	 ('10021','Phụng Châu','Phung Chau','Xã Phụng Châu','Phung Chau Commune','phung_chau','277'),
	 ('10024','Tiên Phương','Tien Phuong','Xã Tiên Phương','Tien Phuong Commune','tien_phuong','277'),
	 ('10027','Đông Sơn','Dong Son','Xã Đông Sơn','Dong Son Commune','dong_son','277'),
	 ('10030','Đông Phương Yên','Dong Phuong Yen','Xã Đông Phương Yên','Dong Phuong Yen Commune','dong_phuong_yen','277'),
	 ('10033','Phú Nghĩa','Phu Nghia','Xã Phú Nghĩa','Phu Nghia Commune','phu_nghia','277'),
	 ('10039','Trường Yên','Truong Yen','Xã Trường Yên','Truong Yen Commune','truong_yen','277'),
	 ('10042','Ngọc Hòa','Ngoc Hoa','Xã Ngọc Hòa','Ngoc Hoa Commune','ngoc_hoa','277'),
	 ('10045','Thủy Xuân Tiên','Thuy Xuan Tien','Xã Thủy Xuân Tiên','Thuy Xuan Tien Commune','thuy_xuan_tien','277'),
	 ('10048','Thanh Bình','Thanh Binh','Xã Thanh Bình','Thanh Binh Commune','thanh_binh','277'),
	 ('10051','Trung Hòa','Trung Hoa','Xã Trung Hòa','Trung Hoa Commune','trung_hoa','277'),
	 ('10054','Đại Yên','Dai Yen','Xã Đại Yên','Dai Yen Commune','dai_yen','277'),
	 ('10057','Thụy Hương','Thuy Huong','Xã Thụy Hương','Thuy Huong Commune','thuy_huong','277'),
	 ('10060','Tốt Động','Tot Dong','Xã Tốt Động','Tot Dong Commune','tot_dong','277'),
	 ('10063','Lam Điền','Lam Dien','Xã Lam Điền','Lam Dien Commune','lam_dien','277'),
	 ('10066','Tân Tiến','Tan Tien','Xã Tân Tiến','Tan Tien Commune','tan_tien','277'),
	 ('10069','Nam Phương Tiến','Nam Phuong Tien','Xã Nam Phương Tiến','Nam Phuong Tien Commune','nam_phuong_tien','277'),
	 ('10072','Hợp Đồng','Hop Dong','Xã Hợp Đồng','Hop Dong Commune','hop_dong','277'),
	 ('10075','Hoàng Văn Thụ','Hoang Van Thu','Xã Hoàng Văn Thụ','Hoang Van Thu Commune','hoang_van_thu','277'),
	 ('10078','Hoàng Diệu','Hoang Dieu','Xã Hoàng Diệu','Hoang Dieu Commune','hoang_dieu','277'),
	 ('10081','Hữu Văn','Huu Van','Xã Hữu Văn','Huu Van Commune','huu_van','277'),
	 ('10084','Quảng Bị','Quang Bi','Xã Quảng Bị','Quang Bi Commune','quang_bi','277'),
	 ('10087','Mỹ Lương','My Luong','Xã Mỹ Lương','My Luong Commune','my_luong','277'),
	 ('10090','Thượng Vực','Thuong Vuc','Xã Thượng Vực','Thuong Vuc Commune','thuong_vuc','277'),
	 ('10093','Hồng Phong','Hong Phong','Xã Hồng Phong','Hong Phong Commune','hong_phong','277'),
	 ('10096','Đồng Phú','Dong Phu','Xã Đồng Phú','Dong Phu Commune','dong_phu','277'),
	 ('10099','Trần Phú','Tran Phu','Xã Trần Phú','Tran Phu Commune','tran_phu','277'),
	 ('10102','Văn Võ','Van Vo','Xã Văn Võ','Van Vo Commune','van_vo','277'),
	 ('10105','Đồng Lạc','Dong Lac','Xã Đồng Lạc','Dong Lac Commune','dong_lac','277'),
	 ('10108','Hòa Chính','Hoa Chinh','Xã Hòa Chính','Hoa Chinh Commune','hoa_chinh','277'),
	 ('10111','Phú Nam An','Phu Nam An','Xã Phú Nam An','Phu Nam An Commune','phu_nam_an','277'),
	 ('10114','Kim Bài','Kim Bai','Thị trấn Kim Bài','Kim Bai Township','kim_bai','278'),
	 ('10120','Cự Khê','Cu Khe','Xã Cự Khê','Cu Khe Commune','cu_khe','278'),
	 ('10126','Bích Hòa','Bich Hoa','Xã Bích Hòa','Bich Hoa Commune','bich_hoa','278'),
	 ('10129','Mỹ Hưng','My Hung','Xã Mỹ Hưng','My Hung Commune','my_hung','278'),
	 ('10132','Cao Viên','Cao Vien','Xã Cao Viên','Cao Vien Commune','cao_vien','278'),
	 ('10135','Bình Minh','Binh Minh','Xã Bình Minh','Binh Minh Commune','binh_minh','278'),
	 ('10138','Tam Hưng','Tam Hung','Xã Tam Hưng','Tam Hung Commune','tam_hung','278'),
	 ('10141','Thanh Cao','Thanh Cao','Xã Thanh Cao','Thanh Cao Commune','thanh_cao','278'),
	 ('10144','Thanh Thùy','Thanh Thuy','Xã Thanh Thùy','Thanh Thuy Commune','thanh_thuy','278'),
	 ('10147','Thanh Mai','Thanh Mai','Xã Thanh Mai','Thanh Mai Commune','thanh_mai','278'),
	 ('10150','Thanh Văn','Thanh Van','Xã Thanh Văn','Thanh Van Commune','thanh_van','278'),
	 ('10153','Đỗ Động','Do Dong','Xã Đỗ Động','Do Dong Commune','do_dong','278'),
	 ('10156','Kim An','Kim An','Xã Kim An','Kim An Commune','kim_an','278'),
	 ('10159','Kim Thư','Kim Thu','Xã Kim Thư','Kim Thu Commune','kim_thu','278'),
	 ('10162','Phương Trung','Phuong Trung','Xã Phương Trung','Phuong Trung Commune','phuong_trung','278'),
	 ('10165','Tân Ước','Tan Uoc','Xã Tân Ước','Tan Uoc Commune','tan_uoc','278'),
	 ('10168','Dân Hòa','Dan Hoa','Xã Dân Hòa','Dan Hoa Commune','dan_hoa','278'),
	 ('10171','Liên Châu','Lien Chau','Xã Liên Châu','Lien Chau Commune','lien_chau','278'),
	 ('10174','Cao Dương','Cao Duong','Xã Cao Dương','Cao Duong Commune','cao_duong','278'),
	 ('10177','Xuân Dương','Xuan Duong','Xã Xuân Dương','Xuan Duong Commune','xuan_duong','278'),
	 ('10180','Hồng Dương','Hong Duong','Xã Hồng Dương','Hong Duong Commune','hong_duong','278'),
	 ('10183','Thường Tín','Thuong Tin','Thị trấn Thường Tín','Thuong Tin Township','thuong_tin','279'),
	 ('10186','Ninh Sở','Ninh So','Xã Ninh Sở','Ninh So Commune','ninh_so','279'),
	 ('10189','Nhị Khê','Nhi Khe','Xã Nhị Khê','Nhi Khe Commune','nhi_khe','279'),
	 ('10192','Duyên Thái','Duyen Thai','Xã Duyên Thái','Duyen Thai Commune','duyen_thai','279'),
	 ('10195','Khánh Hà','Khanh Ha','Xã Khánh Hà','Khanh Ha Commune','khanh_ha','279'),
	 ('10198','Hòa Bình','Hoa Binh','Xã Hòa Bình','Hoa Binh Commune','hoa_binh','279'),
	 ('10201','Văn Bình','Van Binh','Xã Văn Bình','Van Binh Commune','van_binh','279'),
	 ('10204','Hiền Giang','Hien Giang','Xã Hiền Giang','Hien Giang Commune','hien_giang','279'),
	 ('10207','Hồng Vân','Hong Van','Xã Hồng Vân','Hong Van Commune','hong_van','279'),
	 ('10210','Vân Tảo','Van Tao','Xã Vân Tảo','Van Tao Commune','van_tao','279'),
	 ('10213','Liên Phương','Lien Phuong','Xã Liên Phương','Lien Phuong Commune','lien_phuong','279'),
	 ('10216','Văn Phú','Van Phu','Xã Văn Phú','Van Phu Commune','van_phu','279'),
	 ('10219','Tự Nhiên','Tu Nhien','Xã Tự Nhiên','Tu Nhien Commune','tu_nhien','279'),
	 ('10222','Tiền Phong','Tien Phong','Xã Tiền Phong','Tien Phong Commune','tien_phong','279'),
	 ('10225','Hà Hồi','Ha Hoi','Xã Hà Hồi','Ha Hoi Commune','ha_hoi','279'),
	 ('10228','Thư Phú','Thu Phu','Xã Thư Phú','Thu Phu Commune','thu_phu','279'),
	 ('10231','Nguyễn Trãi','Nguyen Trai','Xã Nguyễn Trãi','Nguyen Trai Commune','nguyen_trai','279'),
	 ('10234','Quất Động','Quat Dong','Xã Quất Động','Quat Dong Commune','quat_dong','279'),
	 ('10237','Chương Dương','Chuong Duong','Xã Chương Dương','Chuong Duong Commune','chuong_duong','279'),
	 ('10240','Tân Minh','Tan Minh','Xã Tân Minh','Tan Minh Commune','tan_minh','279'),
	 ('10243','Lê Lợi','Le Loi','Xã Lê Lợi','Le Loi Commune','le_loi','279'),
	 ('10246','Thắng Lợi','Thang Loi','Xã Thắng Lợi','Thang Loi Commune','thang_loi','279'),
	 ('10249','Dũng Tiến','Dung Tien','Xã Dũng Tiến','Dung Tien Commune','dung_tien','279'),
	 ('10252','Thống Nhất','Thong Nhat','Xã Thống Nhất','Thong Nhat Commune','thong_nhat','279'),
	 ('10255','Nghiêm Xuyên','Nghiem Xuyen','Xã Nghiêm Xuyên','Nghiem Xuyen Commune','nghiem_xuyen','279'),
	 ('10258','Tô Hiệu','To Hieu','Xã Tô Hiệu','To Hieu Commune','to_hieu','279'),
	 ('10261','Văn Tự','Van Tu','Xã Văn Tự','Van Tu Commune','van_tu','279'),
	 ('10264','Vạn Điểm','Van Diem','Xã Vạn Điểm','Van Diem Commune','van_diem','279'),
	 ('10267','Minh Cường','Minh Cuong','Xã Minh Cường','Minh Cuong Commune','minh_cuong','279'),
	 ('10270','Phú Minh','Phu Minh','Thị trấn Phú Minh','Phu Minh Township','phu_minh','280'),
	 ('10273','Phú Xuyên','Phu Xuyen','Thị trấn Phú Xuyên','Phu Xuyen Township','phu_xuyen','280'),
	 ('10276','Hồng Minh','Hong Minh','Xã Hồng Minh','Hong Minh Commune','hong_minh','280'),
	 ('10279','Phượng Dực','Phuong Duc','Xã Phượng Dực','Phuong Duc Commune','phuong_duc','280'),
	 ('10282','Nam Tiến','Nam Tien','Xã Nam Tiến','Nam Tien Commune','nam_tien','280'),
	 ('10288','Tri Trung','Tri Trung','Xã Tri Trung','Tri Trung Commune','tri_trung','280'),
	 ('10291','Đại Thắng','Dai Thang','Xã Đại Thắng','Dai Thang Commune','dai_thang','280'),
	 ('10294','Phú Túc','Phu Tuc','Xã Phú Túc','Phu Tuc Commune','phu_tuc','280'),
	 ('10297','Văn Hoàng','Van Hoang','Xã Văn Hoàng','Van Hoang Commune','van_hoang','280'),
	 ('10300','Hồng Thái','Hong Thai','Xã Hồng Thái','Hong Thai Commune','hong_thai','280'),
	 ('10303','Hoàng Long','Hoang Long','Xã Hoàng Long','Hoang Long Commune','hoang_long','280'),
	 ('10306','Quang Trung','Quang Trung','Xã Quang Trung','Quang Trung Commune','quang_trung','280'),
	 ('10309','Nam Phong','Nam Phong','Xã Nam Phong','Nam Phong Commune','nam_phong','280'),
	 ('10312','Nam Triều','Nam Trieu','Xã Nam Triều','Nam Trieu Commune','nam_trieu','280'),
	 ('10315','Tân Dân','Tan Dan','Xã Tân Dân','Tan Dan Commune','tan_dan','280'),
	 ('10318','Sơn Hà','Son Ha','Xã Sơn Hà','Son Ha Commune','son_ha','280'),
	 ('10321','Chuyên Mỹ','Chuyen My','Xã Chuyên Mỹ','Chuyen My Commune','chuyen_my','280'),
	 ('10324','Khai Thái','Khai Thai','Xã Khai Thái','Khai Thai Commune','khai_thai','280'),
	 ('10327','Phúc Tiến','Phuc Tien','Xã Phúc Tiến','Phuc Tien Commune','phuc_tien','280'),
	 ('10330','Vân Từ','Van Tu','Xã Vân Từ','Van Tu Commune','van_tu','280'),
	 ('10333','Tri Thủy','Tri Thuy','Xã Tri Thủy','Tri Thuy Commune','tri_thuy','280'),
	 ('10336','Đại Xuyên','Dai Xuyen','Xã Đại Xuyên','Dai Xuyen Commune','dai_xuyen','280'),
	 ('10339','Phú Yên','Phu Yen','Xã Phú Yên','Phu Yen Commune','phu_yen','280'),
	 ('10342','Bạch Hạ','Bach Ha','Xã Bạch Hạ','Bach Ha Commune','bach_ha','280'),
	 ('10345','Quang Lãng','Quang Lang','Xã Quang Lãng','Quang Lang Commune','quang_lang','280'),
	 ('10348','Châu Can','Chau Can','Xã Châu Can','Chau Can Commune','chau_can','280'),
	 ('10351','Minh Tân','Minh Tan','Xã Minh Tân','Minh Tan Commune','minh_tan','280'),
	 ('10354','Vân Đình','Van Dinh','Thị trấn Vân Đình','Van Dinh Township','van_dinh','281'),
	 ('10357','Viên An','Vien An','Xã Viên An','Vien An Commune','vien_an','281'),
	 ('10360','Viên Nội','Vien Noi','Xã Viên Nội','Vien Noi Commune','vien_noi','281'),
	 ('10363','Hoa Sơn','Hoa Son','Xã Hoa Sơn','Hoa Son Commune','hoa_son','281'),
	 ('10366','Quảng Phú Cầu','Quang Phu Cau','Xã Quảng Phú Cầu','Quang Phu Cau Commune','quang_phu_cau','281'),
	 ('10369','Trường Thịnh','Truong Thinh','Xã Trường Thịnh','Truong Thinh Commune','truong_thinh','281'),
	 ('10372','Cao Thành','Cao Thanh','Xã Cao Thành','Cao Thanh Commune','cao_thanh','281'),
	 ('10375','Liên Bạt','Lien Bat','Xã Liên Bạt','Lien Bat Commune','lien_bat','281'),
	 ('10378','Sơn Công','Son Cong','Xã Sơn Công','Son Cong Commune','son_cong','281'),
	 ('10381','Đồng Tiến','Dong Tien','Xã Đồng Tiến','Dong Tien Commune','dong_tien','281'),
	 ('10384','Phương Tú','Phuong Tu','Xã Phương Tú','Phuong Tu Commune','phuong_tu','281'),
	 ('10387','Trung Tú','Trung Tu','Xã Trung Tú','Trung Tu Commune','trung_tu','281'),
	 ('10390','Đồng Tân','Dong Tan','Xã Đồng Tân','Dong Tan Commune','dong_tan','281'),
	 ('10393','Tảo Dương Văn','Tao Duong Van','Xã Tảo Dương Văn','Tao Duong Van Commune','tao_duong_van','281'),
	 ('10396','Vạn Thái','Van Thai','Xã Vạn Thái','Van Thai Commune','van_thai','281'),
	 ('10399','Minh Đức','Minh Duc','Xã Minh Đức','Minh Duc Commune','minh_duc','281'),
	 ('10405','Hòa Xá','Hoa Xa','Xã Hòa Xá','Hoa Xa Commune','hoa_xa','281'),
	 ('10408','Trầm Lộng','Tram Long','Xã Trầm Lộng','Tram Long Commune','tram_long','281'),
	 ('10411','Kim Đường','Kim Duong','Xã Kim Đường','Kim Duong Commune','kim_duong','281'),
	 ('10414','Hòa Nam','Hoa Nam','Xã Hòa Nam','Hoa Nam Commune','hoa_nam','281'),
	 ('10417','Hòa Phú','Hoa Phu','Xã Hòa Phú','Hoa Phu Commune','hoa_phu','281'),
	 ('10420','Đội Bình','Doi Binh','Xã Đội Bình','Doi Binh Commune','doi_binh','281'),
	 ('10423','Đại Hùng','Dai Hung','Xã Đại Hùng','Dai Hung Commune','dai_hung','281'),
	 ('10426','Đông Lỗ','Dong Lo','Xã Đông Lỗ','Dong Lo Commune','dong_lo','281'),
	 ('10429','Phù Lưu','Phu Luu','Xã Phù Lưu','Phu Luu Commune','phu_luu','281'),
	 ('10432','Đại Cường','Dai Cuong','Xã Đại Cường','Dai Cuong Commune','dai_cuong','281'),
	 ('10435','Lưu Hoàng','Luu Hoang','Xã Lưu Hoàng','Luu Hoang Commune','luu_hoang','281'),
	 ('10438','Hồng Quang','Hong Quang','Xã Hồng Quang','Hong Quang Commune','hong_quang','281'),
	 ('10441','Đại Nghĩa','Dai Nghia','Thị trấn Đại Nghĩa','Dai Nghia Township','dai_nghia','282'),
	 ('10444','Đồng Tâm','Dong Tam','Xã Đồng Tâm','Dong Tam Commune','dong_tam','282'),
	 ('10447','Thượng Lâm','Thuong Lam','Xã Thượng Lâm','Thuong Lam Commune','thuong_lam','282'),
	 ('10450','Tuy Lai','Tuy Lai','Xã Tuy Lai','Tuy Lai Commune','tuy_lai','282'),
	 ('10453','Phúc Lâm','Phuc Lam','Xã Phúc Lâm','Phuc Lam Commune','phuc_lam','282'),
	 ('10456','Mỹ Thành','My Thanh','Xã Mỹ Thành','My Thanh Commune','my_thanh','282'),
	 ('10459','Bột Xuyên','Bot Xuyen','Xã Bột Xuyên','Bot Xuyen Commune','bot_xuyen','282'),
	 ('10462','An Mỹ','An My','Xã An Mỹ','An My Commune','an_my','282'),
	 ('10465','Hồng Sơn','Hong Son','Xã Hồng Sơn','Hong Son Commune','hong_son','282'),
	 ('10468','Lê Thanh','Le Thanh','Xã Lê Thanh','Le Thanh Commune','le_thanh','282'),
	 ('10471','Xuy Xá','Xuy Xa','Xã Xuy Xá','Xuy Xa Commune','xuy_xa','282'),
	 ('10474','Phùng Xá','Phung Xa','Xã Phùng Xá','Phung Xa Commune','phung_xa','282'),
	 ('10477','Phù Lưu Tế','Phu Luu Te','Xã Phù Lưu Tế','Phu Luu Te Commune','phu_luu_te','282'),
	 ('10480','Đại Hưng','Dai Hung','Xã Đại Hưng','Dai Hung Commune','dai_hung','282'),
	 ('10483','Vạn Kim','Van Kim','Xã Vạn Kim','Van Kim Commune','van_kim','282'),
	 ('10486','Đốc Tín','Doc Tin','Xã Đốc Tín','Doc Tin Commune','doc_tin','282'),
	 ('10489','Hương Sơn','Huong Son','Xã Hương Sơn','Huong Son Commune','huong_son','282'),
	 ('10492','Hùng Tiến','Hung Tien','Xã Hùng Tiến','Hung Tien Commune','hung_tien','282'),
	 ('10495','An Tiến','An Tien','Xã An Tiến','An Tien Commune','an_tien','282'),
	 ('10498','Hợp Tiến','Hop Tien','Xã Hợp Tiến','Hop Tien Commune','hop_tien','282'),
	 ('10501','Hợp Thanh','Hop Thanh','Xã Hợp Thanh','Hop Thanh Commune','hop_thanh','282'),
	 ('10504','An Phú','An Phu','Xã An Phú','An Phu Commune','an_phu','282'),
	 ('26734','Tân Định','Tan Dinh','Phường Tân Định','Tan Dinh Ward','tan_dinh','760'),
	 ('26737','Đa Kao','Da Kao','Phường Đa Kao','Da Kao Ward','da_kao','760'),
	 ('26740','Bến Nghé','Ben Nghe','Phường Bến Nghé','Ben Nghe Ward','ben_nghe','760'),
	 ('26743','Bến Thành','Ben Thanh','Phường Bến Thành','Ben Thanh Ward','ben_thanh','760'),
	 ('26746','Nguyễn Thái Bình','Nguyen Thai Binh','Phường Nguyễn Thái Bình','Nguyen Thai Binh Ward','nguyen_thai_binh','760'),
	 ('26749','Phạm Ngũ Lão','Pham Ngu Lao','Phường Phạm Ngũ Lão','Pham Ngu Lao Ward','pham_ngu_lao','760'),
	 ('26752','Cầu Ông Lãnh','Cau Ong Lanh','Phường Cầu Ông Lãnh','Cau Ong Lanh Ward','cau_ong_lanh','760'),
	 ('26755','Cô Giang','Co Giang','Phường Cô Giang','Co Giang Ward','co_giang','760'),
	 ('26758','Nguyễn Cư Trinh','Nguyen Cu Trinh','Phường Nguyễn Cư Trinh','Nguyen Cu Trinh Ward','nguyen_cu_trinh','760'),
	 ('26761','Cầu Kho','Cau Kho','Phường Cầu Kho','Cau Kho Ward','cau_kho','760'),
	 ('26764','Thạnh Xuân','Thanh Xuan','Phường Thạnh Xuân','Thanh Xuan Ward','thanh_xuan','761'),
	 ('26767','Thạnh Lộc','Thanh Loc','Phường Thạnh Lộc','Thanh Loc Ward','thanh_loc','761'),
	 ('26770','Hiệp Thành','Hiep Thanh','Phường Hiệp Thành','Hiep Thanh Ward','hiep_thanh','761'),
	 ('26773','Thới An','Thoi An','Phường Thới An','Thoi An Ward','thoi_an','761'),
	 ('26776','Tân Chánh Hiệp','Tan Chanh Hiep','Phường Tân Chánh Hiệp','Tan Chanh Hiep Ward','tan_chanh_hiep','761'),
	 ('26779','An Phú Đông','An Phu Dong','Phường An Phú Đông','An Phu Dong Ward','an_phu_dong','761'),
	 ('26782','Tân Thới Hiệp','Tan Thoi Hiep','Phường Tân Thới Hiệp','Tan Thoi Hiep Ward','tan_thoi_hiep','761'),
	 ('26785','Trung Mỹ Tây','Trung My Tay','Phường Trung Mỹ Tây','Trung My Tay Ward','trung_my_tay','761'),
	 ('26787','Tân Hưng Thuận','Tan Hung Thuan','Phường Tân Hưng Thuận','Tan Hung Thuan Ward','tan_hung_thuan','761'),
	 ('26788','Đông Hưng Thuận','Dong Hung Thuan','Phường Đông Hưng Thuận','Dong Hung Thuan Ward','dong_hung_thuan','761'),
	 ('26791','Tân Thới Nhất','Tan Thoi Nhat','Phường Tân Thới Nhất','Tan Thoi Nhat Ward','tan_thoi_nhat','761'),
	 ('26869','15','15','Phường 15','Ward 15','15','764'),
	 ('26872','13','13','Phường 13','Ward 13','13','764'),
	 ('26875','17','17','Phường 17','Ward 17','17','764'),
	 ('26876','6','6','Phường 6','Ward 6','6','764'),
	 ('26878','16','16','Phường 16','Ward 16','16','764'),
	 ('26881','12','12','Phường 12','Ward 12','12','764'),
	 ('26882','14','14','Phường 14','Ward 14','14','764'),
	 ('26884','10','10','Phường 10','Ward 10','10','764'),
	 ('26887','05','05','Phường 05','Ward 05','05','764'),
	 ('26890','07','07','Phường 07','Ward 07','07','764'),
	 ('26893','04','04','Phường 04','Ward 04','04','764'),
	 ('26896','01','01','Phường 01','Ward 01','01','764'),
	 ('26897','9','9','Phường 9','Ward 9','9','764'),
	 ('26898','8','8','Phường 8','Ward 8','8','764'),
	 ('26899','11','11','Phường 11','Ward 11','11','764'),
	 ('26902','03','03','Phường 03','Ward 03','03','764'),
	 ('26905','13','13','Phường 13','Ward 13','13','765'),
	 ('26908','11','11','Phường 11','Ward 11','11','765'),
	 ('26911','27','27','Phường 27','Ward 27','27','765'),
	 ('26914','26','26','Phường 26','Ward 26','26','765'),
	 ('26917','12','12','Phường 12','Ward 12','12','765'),
	 ('26920','25','25','Phường 25','Ward 25','25','765'),
	 ('26923','05','05','Phường 05','Ward 05','05','765'),
	 ('26926','07','07','Phường 07','Ward 07','07','765'),
	 ('26929','24','24','Phường 24','Ward 24','24','765'),
	 ('26932','06','06','Phường 06','Ward 06','06','765'),
	 ('26935','14','14','Phường 14','Ward 14','14','765'),
	 ('26938','15','15','Phường 15','Ward 15','15','765'),
	 ('26941','02','02','Phường 02','Ward 02','02','765'),
	 ('26944','01','01','Phường 01','Ward 01','01','765'),
	 ('26947','03','03','Phường 03','Ward 03','03','765'),
	 ('26950','17','17','Phường 17','Ward 17','17','765'),
	 ('26953','21','21','Phường 21','Ward 21','21','765'),
	 ('26956','22','22','Phường 22','Ward 22','22','765'),
	 ('26959','19','19','Phường 19','Ward 19','19','765'),
	 ('26962','28','28','Phường 28','Ward 28','28','765'),
	 ('26965','02','02','Phường 02','Ward 02','02','766'),
	 ('26968','04','04','Phường 04','Ward 04','04','766'),
	 ('26971','12','12','Phường 12','Ward 12','12','766'),
	 ('26974','13','13','Phường 13','Ward 13','13','766'),
	 ('26977','01','01','Phường 01','Ward 01','01','766'),
	 ('26980','03','03','Phường 03','Ward 03','03','766'),
	 ('26983','11','11','Phường 11','Ward 11','11','766'),
	 ('26986','07','07','Phường 07','Ward 07','07','766'),
	 ('26989','05','05','Phường 05','Ward 05','05','766'),
	 ('26992','10','10','Phường 10','Ward 10','10','766'),
	 ('26995','06','06','Phường 06','Ward 06','06','766'),
	 ('26998','08','08','Phường 08','Ward 08','08','766'),
	 ('27001','09','09','Phường 09','Ward 09','09','766'),
	 ('27004','14','14','Phường 14','Ward 14','14','766'),
	 ('27007','15','15','Phường 15','Ward 15','15','766'),
	 ('27010','Tân Sơn Nhì','Tan Son Nhi','Phường Tân Sơn Nhì','Tan Son Nhi Ward','tan_son_nhi','767'),
	 ('27013','Tây Thạnh','Tay Thanh','Phường Tây Thạnh','Tay Thanh Ward','tay_thanh','767'),
	 ('27016','Sơn Kỳ','Son Ky','Phường Sơn Kỳ','Son Ky Ward','son_ky','767'),
	 ('27019','Tân Quý','Tan Quy','Phường Tân Quý','Tan Quy Ward','tan_quy','767'),
	 ('27022','Tân Thành','Tan Thanh','Phường Tân Thành','Tan Thanh Ward','tan_thanh','767'),
	 ('27025','Phú Thọ Hòa','Phu Tho Hoa','Phường Phú Thọ Hòa','Phu Tho Hoa Ward','phu_tho_hoa','767'),
	 ('27028','Phú Thạnh','Phu Thanh','Phường Phú Thạnh','Phu Thanh Ward','phu_thanh','767'),
	 ('27031','Phú Trung','Phu Trung','Phường Phú Trung','Phu Trung Ward','phu_trung','767'),
	 ('27034','Hòa Thạnh','Hoa Thanh','Phường Hòa Thạnh','Hoa Thanh Ward','hoa_thanh','767'),
	 ('27037','Hiệp Tân','Hiep Tan','Phường Hiệp Tân','Hiep Tan Ward','hiep_tan','767'),
	 ('27040','Tân Thới Hòa','Tan Thoi Hoa','Phường Tân Thới Hòa','Tan Thoi Hoa Ward','tan_thoi_hoa','767'),
	 ('27085','13','13','Phường 13','Ward 13','13','768'),
	 ('27043','04','04','Phường 04','Ward 04','04','768'),
	 ('27046','05','05','Phường 05','Ward 05','05','768'),
	 ('27049','09','09','Phường 09','Ward 09','09','768'),
	 ('27052','07','07','Phường 07','Ward 07','07','768'),
	 ('27055','03','03','Phường 03','Ward 03','03','768'),
	 ('27058','01','01','Phường 01','Ward 01','01','768'),
	 ('27061','02','02','Phường 02','Ward 02','02','768'),
	 ('27064','08','08','Phường 08','Ward 08','08','768'),
	 ('27067','15','15','Phường 15','Ward 15','15','768'),
	 ('27070','10','10','Phường 10','Ward 10','10','768'),
	 ('27073','11','11','Phường 11','Ward 11','11','768'),
	 ('27076','17','17','Phường 17','Ward 17','17','768'),
	 ('26794','Linh Xuân','Linh Xuan','Phường Linh Xuân','Linh Xuan Ward','linh_xuan','769'),
	 ('26797','Bình Chiểu','Binh Chieu','Phường Bình Chiểu','Binh Chieu Ward','binh_chieu','769'),
	 ('26800','Linh Trung','Linh Trung','Phường Linh Trung','Linh Trung Ward','linh_trung','769'),
	 ('26803','Tam Bình','Tam Binh','Phường Tam Bình','Tam Binh Ward','tam_binh','769'),
	 ('26806','Tam Phú','Tam Phu','Phường Tam Phú','Tam Phu Ward','tam_phu','769'),
	 ('26809','Hiệp Bình Phước','Hiep Binh Phuoc','Phường Hiệp Bình Phước','Hiep Binh Phuoc Ward','hiep_binh_phuoc','769'),
	 ('26812','Hiệp Bình Chánh','Hiep Binh Chanh','Phường Hiệp Bình Chánh','Hiep Binh Chanh Ward','hiep_binh_chanh','769'),
	 ('26815','Linh Chiểu','Linh Chieu','Phường Linh Chiểu','Linh Chieu Ward','linh_chieu','769'),
	 ('26818','Linh Tây','Linh Tay','Phường Linh Tây','Linh Tay Ward','linh_tay','769'),
	 ('26821','Linh Đông','Linh Dong','Phường Linh Đông','Linh Dong Ward','linh_dong','769'),
	 ('26824','Bình Thọ','Binh Tho','Phường Bình Thọ','Binh Tho Ward','binh_tho','769'),
	 ('26827','Trường Thọ','Truong Tho','Phường Trường Thọ','Truong Tho Ward','truong_tho','769'),
	 ('26830','Long Bình','Long Binh','Phường Long Bình','Long Binh Ward','long_binh','769'),
	 ('26833','Long Thạnh Mỹ','Long Thanh My','Phường Long Thạnh Mỹ','Long Thanh My Ward','long_thanh_my','769'),
	 ('26836','Tân Phú','Tan Phu','Phường Tân Phú','Tan Phu Ward','tan_phu','769'),
	 ('26839','Hiệp Phú','Hiep Phu','Phường Hiệp Phú','Hiep Phu Ward','hiep_phu','769'),
	 ('26842','Tăng Nhơn Phú A','Tang Nhon Phu A','Phường Tăng Nhơn Phú A','Tang Nhon Phu A Ward','tang_nhon_phu_a','769'),
	 ('26845','Tăng Nhơn Phú B','Tang Nhon Phu B','Phường Tăng Nhơn Phú B','Tang Nhon Phu B Ward','tang_nhon_phu_b','769'),
	 ('26848','Phước Long B','Phuoc Long B','Phường Phước Long B','Phuoc Long B Ward','phuoc_long_b','769'),
	 ('26851','Phước Long A','Phuoc Long A','Phường Phước Long A','Phuoc Long A Ward','phuoc_long_a','769'),
	 ('26854','Trường Thạnh','Truong Thanh','Phường Trường Thạnh','Truong Thanh Ward','truong_thanh','769'),
	 ('26857','Long Phước','Long Phuoc','Phường Long Phước','Long Phuoc Ward','long_phuoc','769'),
	 ('26860','Long Trường','Long Truong','Phường Long Trường','Long Truong Ward','long_truong','769'),
	 ('26863','Phước Bình','Phuoc Binh','Phường Phước Bình','Phuoc Binh Ward','phuoc_binh','769'),
	 ('26866','Phú Hữu','Phu Huu','Phường Phú Hữu','Phu Huu Ward','phu_huu','769'),
	 ('27088','Thảo Điền','Thao Dien','Phường Thảo Điền','Thao Dien Ward','thao_dien','769'),
	 ('27091','An Phú','An Phu','Phường An Phú','An Phu Ward','an_phu','769'),
	 ('27094','An Khánh','An Khanh','Phường An Khánh','An Khanh Ward','an_khanh','769'),
	 ('27097','Bình Trưng Đông','Binh Trung Dong','Phường Bình Trưng Đông','Binh Trung Dong Ward','binh_trung_dong','769'),
	 ('27100','Bình Trưng Tây','Binh Trung Tay','Phường Bình Trưng Tây','Binh Trung Tay Ward','binh_trung_tay','769'),
	 ('27109','Cát Lái','Cat Lai','Phường Cát Lái','Cat Lai Ward','cat_lai','769'),
	 ('27112','Thạnh Mỹ Lợi','Thanh My Loi','Phường Thạnh Mỹ Lợi','Thanh My Loi Ward','thanh_my_loi','769'),
	 ('27115','An Lợi Đông','An Loi Dong','Phường An Lợi Đông','An Loi Dong Ward','an_loi_dong','769'),
	 ('27118','Thủ Thiêm','Thu Thiem','Phường Thủ Thiêm','Thu Thiem Ward','thu_thiem','769'),
	 ('27139','Võ Thị Sáu','Vo Thi Sau','Phường Võ Thị Sáu','Vo Thi Sau Ward','vo_thi_sau','770'),
	 ('27127','14','14','Phường 14','Ward 14','14','770'),
	 ('27130','12','12','Phường 12','Ward 12','12','770'),
	 ('27133','11','11','Phường 11','Ward 11','11','770'),
	 ('27136','13','13','Phường 13','Ward 13','13','770'),
	 ('27142','09','09','Phường 09','Ward 09','09','770'),
	 ('27145','10','10','Phường 10','Ward 10','10','770'),
	 ('27148','04','04','Phường 04','Ward 04','04','770'),
	 ('27151','05','05','Phường 05','Ward 05','05','770'),
	 ('27154','03','03','Phường 03','Ward 03','03','770'),
	 ('27157','02','02','Phường 02','Ward 02','02','770'),
	 ('27160','01','01','Phường 01','Ward 01','01','770'),
	 ('27163','15','15','Phường 15','Ward 15','15','771'),
	 ('27166','13','13','Phường 13','Ward 13','13','771'),
	 ('27169','14','14','Phường 14','Ward 14','14','771'),
	 ('27172','12','12','Phường 12','Ward 12','12','771'),
	 ('27175','11','11','Phường 11','Ward 11','11','771'),
	 ('27178','10','10','Phường 10','Ward 10','10','771'),
	 ('27181','09','09','Phường 09','Ward 09','09','771'),
	 ('27184','01','01','Phường 01','Ward 01','01','771'),
	 ('27187','08','08','Phường 08','Ward 08','08','771'),
	 ('27190','02','02','Phường 02','Ward 02','02','771'),
	 ('27193','04','04','Phường 04','Ward 04','04','771'),
	 ('27196','07','07','Phường 07','Ward 07','07','771'),
	 ('27199','05','05','Phường 05','Ward 05','05','771'),
	 ('27202','06','06','Phường 06','Ward 06','06','771'),
	 ('27208','15','15','Phường 15','Ward 15','15','772'),
	 ('27211','05','05','Phường 05','Ward 05','05','772'),
	 ('27214','14','14','Phường 14','Ward 14','14','772'),
	 ('27217','11','11','Phường 11','Ward 11','11','772'),
	 ('27220','03','03','Phường 03','Ward 03','03','772'),
	 ('27223','10','10','Phường 10','Ward 10','10','772'),
	 ('27226','13','13','Phường 13','Ward 13','13','772'),
	 ('27229','08','08','Phường 08','Ward 08','08','772'),
	 ('27232','09','09','Phường 09','Ward 09','09','772'),
	 ('27235','12','12','Phường 12','Ward 12','12','772'),
	 ('27238','07','07','Phường 07','Ward 07','07','772'),
	 ('27241','06','06','Phường 06','Ward 06','06','772'),
	 ('27244','04','04','Phường 04','Ward 04','04','772'),
	 ('27247','01','01','Phường 01','Ward 01','01','772'),
	 ('27250','02','02','Phường 02','Ward 02','02','772'),
	 ('27253','16','16','Phường 16','Ward 16','16','772'),
	 ('27265','06','06','Phường 06','Ward 06','06','773'),
	 ('27292','02','02','Phường 02','Ward 02','02','773'),
	 ('27259','13','13','Phường 13','Ward 13','13','773'),
	 ('27262','09','09','Phường 09','Ward 09','09','773'),
	 ('27268','08','08','Phường 08','Ward 08','08','773'),
	 ('27271','10','10','Phường 10','Ward 10','10','773'),
	 ('27277','18','18','Phường 18','Ward 18','18','773'),
	 ('27280','14','14','Phường 14','Ward 14','14','773'),
	 ('27283','04','04','Phường 04','Ward 04','04','773'),
	 ('27286','03','03','Phường 03','Ward 03','03','773'),
	 ('27289','16','16','Phường 16','Ward 16','16','773'),
	 ('27295','15','15','Phường 15','Ward 15','15','773'),
	 ('27298','01','01','Phường 01','Ward 01','01','773'),
	 ('27301','04','04','Phường 04','Ward 04','04','774'),
	 ('27304','09','09','Phường 09','Ward 09','09','774'),
	 ('27310','12','12','Phường 12','Ward 12','12','774'),
	 ('27313','02','02','Phường 02','Ward 02','02','774'),
	 ('27316','08','08','Phường 08','Ward 08','08','774'),
	 ('27322','07','07','Phường 07','Ward 07','07','774'),
	 ('27325','01','01','Phường 01','Ward 01','01','774'),
	 ('27331','14','14','Phường 14','Ward 14','14','774'),
	 ('27334','05','05','Phường 05','Ward 05','05','774'),
	 ('27343','13','13','Phường 13','Ward 13','13','774'),
	 ('27307','03','03','Phường 03','Ward 03','03','774'),
	 ('27328','11','11','Phường 11','Ward 11','11','774'),
	 ('27337','06','06','Phường 06','Ward 06','06','774'),
	 ('27340','10','10','Phường 10','Ward 10','10','774'),
	 ('27370','01','01','Phường 01','Ward 01','01','775'),
	 ('27346','14','14','Phường 14','Ward 14','14','775'),
	 ('27349','13','13','Phường 13','Ward 13','13','775'),
	 ('27352','09','09','Phường 09','Ward 09','09','775'),
	 ('27355','06','06','Phường 06','Ward 06','06','775'),
	 ('27358','12','12','Phường 12','Ward 12','12','775'),
	 ('27361','05','05','Phường 05','Ward 05','05','775'),
	 ('27364','11','11','Phường 11','Ward 11','11','775'),
	 ('27367','02','02','Phường 02','Ward 02','02','775'),
	 ('27373','04','04','Phường 04','Ward 04','04','775'),
	 ('27376','08','08','Phường 08','Ward 08','08','775'),
	 ('27379','03','03','Phường 03','Ward 03','03','775'),
	 ('27382','07','07','Phường 07','Ward 07','07','775'),
	 ('27385','10','10','Phường 10','Ward 10','10','775'),
	 ('27388','08','08','Phường 08','Ward 08','08','776'),
	 ('27391','02','02','Phường 02','Ward 02','02','776'),
	 ('27394','01','01','Phường 01','Ward 01','01','776'),
	 ('27397','03','03','Phường 03','Ward 03','03','776'),
	 ('27400','11','11','Phường 11','Ward 11','11','776'),
	 ('27403','09','09','Phường 09','Ward 09','09','776'),
	 ('27406','10','10','Phường 10','Ward 10','10','776'),
	 ('27409','04','04','Phường 04','Ward 04','04','776'),
	 ('27412','13','13','Phường 13','Ward 13','13','776'),
	 ('27415','12','12','Phường 12','Ward 12','12','776'),
	 ('27418','05','05','Phường 05','Ward 05','05','776'),
	 ('27421','14','14','Phường 14','Ward 14','14','776'),
	 ('27424','06','06','Phường 06','Ward 06','06','776'),
	 ('27427','15','15','Phường 15','Ward 15','15','776'),
	 ('27430','16','16','Phường 16','Ward 16','16','776'),
	 ('27433','07','07','Phường 07','Ward 07','07','776'),
	 ('27436','Bình Hưng Hòa','Binh Hung Hoa','Phường Bình Hưng Hòa','Binh Hung Hoa Ward','binh_hung_hoa','777'),
	 ('27439','Bình Hưng Hoà A','Binh Hung Hoa A','Phường Bình Hưng Hoà A','Binh Hung Hoa A Ward','binh_hung_hoa_a','777'),
	 ('27442','Bình Hưng Hoà B','Binh Hung Hoa B','Phường Bình Hưng Hoà B','Binh Hung Hoa B Ward','binh_hung_hoa_b','777'),
	 ('27445','Bình Trị Đông','Binh Tri Dong','Phường Bình Trị Đông','Binh Tri Dong Ward','binh_tri_dong','777'),
	 ('27448','Bình Trị Đông A','Binh Tri Dong A','Phường Bình Trị Đông A','Binh Tri Dong A Ward','binh_tri_dong_a','777'),
	 ('27451','Bình Trị Đông B','Binh Tri Dong B','Phường Bình Trị Đông B','Binh Tri Dong B Ward','binh_tri_dong_b','777'),
	 ('27454','Tân Tạo','Tan Tao','Phường Tân Tạo','Tan Tao Ward','tan_tao','777'),
	 ('27457','Tân Tạo A','Tan Tao A','Phường Tân Tạo A','Tan Tao A Ward','tan_tao_a','777'),
	 ('27460',' An Lạc',' An Lac','Phường  An Lạc',' An Lac Ward','_an_lac','777'),
	 ('27463','An Lạc A','An Lac A','Phường An Lạc A','An Lac A Ward','an_lac_a','777'),
	 ('27466','Tân Thuận Đông','Tan Thuan Dong','Phường Tân Thuận Đông','Tan Thuan Dong Ward','tan_thuan_dong','778'),
	 ('27469','Tân Thuận Tây','Tan Thuan Tay','Phường Tân Thuận Tây','Tan Thuan Tay Ward','tan_thuan_tay','778'),
	 ('27472','Tân Kiểng','Tan Kieng','Phường Tân Kiểng','Tan Kieng Ward','tan_kieng','778'),
	 ('27475','Tân Hưng','Tan Hung','Phường Tân Hưng','Tan Hung Ward','tan_hung','778'),
	 ('27478','Bình Thuận','Binh Thuan','Phường Bình Thuận','Binh Thuan Ward','binh_thuan','778'),
	 ('27481','Tân Quy','Tan Quy','Phường Tân Quy','Tan Quy Ward','tan_quy','778'),
	 ('27484','Phú Thuận','Phu Thuan','Phường Phú Thuận','Phu Thuan Ward','phu_thuan','778'),
	 ('27487','Tân Phú','Tan Phu','Phường Tân Phú','Tan Phu Ward','tan_phu','778'),
	 ('27490','Tân Phong','Tan Phong','Phường Tân Phong','Tan Phong Ward','tan_phong','778'),
	 ('27493','Phú Mỹ','Phu My','Phường Phú Mỹ','Phu My Ward','phu_my','778'),
	 ('27496','Củ Chi','Cu Chi','Thị trấn Củ Chi','Cu Chi Township','cu_chi','783'),
	 ('27499','Phú Mỹ Hưng','Phu My Hung','Xã Phú Mỹ Hưng','Phu My Hung Commune','phu_my_hung','783'),
	 ('27502','An Phú','An Phu','Xã An Phú','An Phu Commune','an_phu','783'),
	 ('27505','Trung Lập Thượng','Trung Lap Thuong','Xã Trung Lập Thượng','Trung Lap Thuong Commune','trung_lap_thuong','783'),
	 ('27508','An Nhơn Tây','An Nhon Tay','Xã An Nhơn Tây','An Nhon Tay Commune','an_nhon_tay','783'),
	 ('27511','Nhuận Đức','Nhuan Duc','Xã Nhuận Đức','Nhuan Duc Commune','nhuan_duc','783'),
	 ('27514','Phạm Văn Cội','Pham Van Coi','Xã Phạm Văn Cội','Pham Van Coi Commune','pham_van_coi','783'),
	 ('27517','Phú Hòa Đông','Phu Hoa Dong','Xã Phú Hòa Đông','Phu Hoa Dong Commune','phu_hoa_dong','783'),
	 ('27520','Trung Lập Hạ','Trung Lap Ha','Xã Trung Lập Hạ','Trung Lap Ha Commune','trung_lap_ha','783'),
	 ('27523','Trung An','Trung An','Xã Trung An','Trung An Commune','trung_an','783'),
	 ('27526','Phước Thạnh','Phuoc Thanh','Xã Phước Thạnh','Phuoc Thanh Commune','phuoc_thanh','783'),
	 ('27529','Phước Hiệp','Phuoc Hiep','Xã Phước Hiệp','Phuoc Hiep Commune','phuoc_hiep','783'),
	 ('27532','Tân An Hội','Tan An Hoi','Xã Tân An Hội','Tan An Hoi Commune','tan_an_hoi','783'),
	 ('27535','Phước Vĩnh An','Phuoc Vinh An','Xã Phước Vĩnh An','Phuoc Vinh An Commune','phuoc_vinh_an','783'),
	 ('27538','Thái Mỹ','Thai My','Xã Thái Mỹ','Thai My Commune','thai_my','783'),
	 ('27541','Tân Thạnh Tây','Tan Thanh Tay','Xã Tân Thạnh Tây','Tan Thanh Tay Commune','tan_thanh_tay','783'),
	 ('27544','Hòa Phú','Hoa Phu','Xã Hòa Phú','Hoa Phu Commune','hoa_phu','783'),
	 ('27547','Tân Thạnh Đông','Tan Thanh Dong','Xã Tân Thạnh Đông','Tan Thanh Dong Commune','tan_thanh_dong','783'),
	 ('27550','Bình Mỹ','Binh My','Xã Bình Mỹ','Binh My Commune','binh_my','783'),
	 ('27553','Tân Phú Trung','Tan Phu Trung','Xã Tân Phú Trung','Tan Phu Trung Commune','tan_phu_trung','783'),
	 ('27556','Tân Thông Hội','Tan Thong Hoi','Xã Tân Thông Hội','Tan Thong Hoi Commune','tan_thong_hoi','783'),
	 ('27559','Hóc Môn','Hoc Mon','Thị trấn Hóc Môn','Hoc Mon Township','hoc_mon','784'),
	 ('27562','Tân Hiệp','Tan Hiep','Xã Tân Hiệp','Tan Hiep Commune','tan_hiep','784'),
	 ('27565','Nhị Bình','Nhi Binh','Xã Nhị Bình','Nhi Binh Commune','nhi_binh','784'),
	 ('27568','Đông Thạnh','Dong Thanh','Xã Đông Thạnh','Dong Thanh Commune','dong_thanh','784'),
	 ('27571','Tân Thới Nhì','Tan Thoi Nhi','Xã Tân Thới Nhì','Tan Thoi Nhi Commune','tan_thoi_nhi','784'),
	 ('27574','Thới Tam Thôn','Thoi Tam Thon','Xã Thới Tam Thôn','Thoi Tam Thon Commune','thoi_tam_thon','784'),
	 ('27577','Xuân Thới Sơn','Xuan Thoi Son','Xã Xuân Thới Sơn','Xuan Thoi Son Commune','xuan_thoi_son','784'),
	 ('27580','Tân Xuân','Tan Xuan','Xã Tân Xuân','Tan Xuan Commune','tan_xuan','784'),
	 ('27583','Xuân Thới Đông','Xuan Thoi Dong','Xã Xuân Thới Đông','Xuan Thoi Dong Commune','xuan_thoi_dong','784'),
	 ('27586','Trung Chánh','Trung Chanh','Xã Trung Chánh','Trung Chanh Commune','trung_chanh','784'),
	 ('27589','Xuân Thới Thượng','Xuan Thoi Thuong','Xã Xuân Thới Thượng','Xuan Thoi Thuong Commune','xuan_thoi_thuong','784'),
	 ('27592','Bà Điểm','Ba Diem','Xã Bà Điểm','Ba Diem Commune','ba_diem','784'),
	 ('27595','Tân Túc','Tan Tuc','Thị trấn Tân Túc','Tan Tuc Township','tan_tuc','785'),
	 ('27598','Phạm Văn Hai','Pham Van Hai','Xã Phạm Văn Hai','Pham Van Hai Commune','pham_van_hai','785'),
	 ('27601','Vĩnh Lộc A','Vinh Loc A','Xã Vĩnh Lộc A','Vinh Loc A Commune','vinh_loc_a','785'),
	 ('27604','Vĩnh Lộc B','Vinh Loc B','Xã Vĩnh Lộc B','Vinh Loc B Commune','vinh_loc_b','785'),
	 ('27607','Bình Lợi','Binh Loi','Xã Bình Lợi','Binh Loi Commune','binh_loi','785'),
	 ('27610','Lê Minh Xuân','Le Minh Xuan','Xã Lê Minh Xuân','Le Minh Xuan Commune','le_minh_xuan','785'),
	 ('27613','Tân Nhựt','Tan Nhut','Xã Tân Nhựt','Tan Nhut Commune','tan_nhut','785'),
	 ('27616','Tân Kiên','Tan Kien','Xã Tân Kiên','Tan Kien Commune','tan_kien','785'),
	 ('27619','Bình Hưng','Binh Hung','Xã Bình Hưng','Binh Hung Commune','binh_hung','785'),
	 ('27622','Phong Phú','Phong Phu','Xã Phong Phú','Phong Phu Commune','phong_phu','785'),
	 ('27625','An Phú Tây','An Phu Tay','Xã An Phú Tây','An Phu Tay Commune','an_phu_tay','785'),
	 ('27628','Hưng Long','Hung Long','Xã Hưng Long','Hung Long Commune','hung_long','785'),
	 ('27631','Đa Phước','Da Phuoc','Xã Đa Phước','Da Phuoc Commune','da_phuoc','785'),
	 ('27634','Tân Quý Tây','Tan Quy Tay','Xã Tân Quý Tây','Tan Quy Tay Commune','tan_quy_tay','785'),
	 ('27637','Bình Chánh','Binh Chanh','Xã Bình Chánh','Binh Chanh Commune','binh_chanh','785'),
	 ('27640','Quy Đức','Quy Duc','Xã Quy Đức','Quy Duc Commune','quy_duc','785'),
	 ('27643','Nhà Bè','Nha Be','Thị trấn Nhà Bè','Nha Be Township','nha_be','786'),
	 ('27646','Phước Kiển','Phuoc Kien','Xã Phước Kiển','Phuoc Kien Commune','phuoc_kien','786'),
	 ('27649','Phước Lộc','Phuoc Loc','Xã Phước Lộc','Phuoc Loc Commune','phuoc_loc','786'),
	 ('27652','Nhơn Đức','Nhon Duc','Xã Nhơn Đức','Nhon Duc Commune','nhon_duc','786'),
	 ('27655','Phú Xuân','Phu Xuan','Xã Phú Xuân','Phu Xuan Commune','phu_xuan','786'),
	 ('27658','Long Thới','Long Thoi','Xã Long Thới','Long Thoi Commune','long_thoi','786'),
	 ('27661','Hiệp Phước','Hiep Phuoc','Xã Hiệp Phước','Hiep Phuoc Commune','hiep_phuoc','786'),
	 ('27664','Cần Thạnh','Can Thanh','Thị trấn Cần Thạnh','Can Thanh Township','can_thanh','787'),
	 ('27667','Bình Khánh','Binh Khanh','Xã Bình Khánh','Binh Khanh Commune','binh_khanh','787'),
	 ('27670','Tam Thôn Hiệp','Tam Thon Hiep','Xã Tam Thôn Hiệp','Tam Thon Hiep Commune','tam_thon_hiep','787'),
	 ('27673','An Thới Đông','An Thoi Dong','Xã An Thới Đông','An Thoi Dong Commune','an_thoi_dong','787'),
	 ('27676','Thạnh An','Thanh An','Xã Thạnh An','Thanh An Commune','thanh_an','787'),
	 ('27679','Long Hòa','Long Hoa','Xã Long Hòa','Long Hoa Commune','long_hoa','787'),
	 ('27682','Lý Nhơn','Ly Nhon','Xã Lý Nhơn','Ly Nhon Commune','ly_nhon','787');

COMMIT;
